-- phpMyAdmin SQL Dump
-- version 5.2.1
-- https://www.phpmyadmin.net/
--
-- Servidor: 127.0.0.1
-- Tiempo de generación: 30-07-2025 a las 11:28:18
-- Versión del servidor: 10.4.32-MariaDB
-- Versión de PHP: 8.2.12

SET SQL_MODE = "NO_AUTO_VALUE_ON_ZERO";
START TRANSACTION;
SET time_zone = "+00:00";


/*!40101 SET @OLD_CHARACTER_SET_CLIENT=@@CHARACTER_SET_CLIENT */;
/*!40101 SET @OLD_CHARACTER_SET_RESULTS=@@CHARACTER_SET_RESULTS */;
/*!40101 SET @OLD_COLLATION_CONNECTION=@@COLLATION_CONNECTION */;
/*!40101 SET NAMES utf8mb4 */;

--
-- Base de datos: `tusuperac`
--

-- --------------------------------------------------------

--
-- Estructura de tabla para la tabla `categorias`
--

CREATE TABLE `categorias` (
  `id` int(11) NOT NULL,
  `descripcion` varchar(255) DEFAULT NULL,
  `visible` varchar(1) DEFAULT NULL
) ENGINE=InnoDB DEFAULT CHARSET=utf8mb4 COLLATE=utf8mb4_general_ci;

--
-- Volcado de datos para la tabla `categorias`
--

INSERT INTO `categorias` (`id`, `descripcion`, `visible`) VALUES
(1, 'ALMACEN', '1'),
(2, 'BAZAR', '1'),
(3, 'CARNICERIA', '1'),
(4, 'CONFITERIA', '1'),
(5, 'FRUTAS Y VERDURAS', '1'),
(6, 'LACTEOS', '1'),
(7, 'PANADERIA', '1'),
(8, 'ROTISERIA', '1'),
(9, 'PASTAS FRESCAS', '1'),
(10, 'COTILLON', '1'),
(11, 'PROMOCIONES', '0'),
(12, 'BARNER 1', '0');

-- --------------------------------------------------------

--
-- Estructura de tabla para la tabla `clientes`
--

CREATE TABLE `clientes` (
  `cod_cliente` varchar(17) DEFAULT NULL,
  `nombre` varchar(100) DEFAULT NULL,
  `ruc_ci` varchar(17) NOT NULL,
  `celular` varchar(15) DEFAULT NULL,
  `direccion` varchar(255) DEFAULT NULL,
  `email` varchar(150) DEFAULT NULL,
  `password` varchar(255) DEFAULT NULL,
  `logo` varchar(255) DEFAULT NULL,
  `tipo` varchar(10) DEFAULT NULL,
  `fecha_creacion` datetime DEFAULT NULL,
  `fecha_modificacion` datetime DEFAULT NULL
) ENGINE=InnoDB DEFAULT CHARSET=utf8mb4 COLLATE=utf8mb4_general_ci;

--
-- Volcado de datos para la tabla `clientes`
--

INSERT INTO `clientes` (`cod_cliente`, `nombre`, `ruc_ci`, `celular`, `direccion`, `email`, `password`, `logo`, `tipo`, `fecha_creacion`, `fecha_modificacion`) VALUES
('123456', 'test', '123456', '0985222356', 'ssss', 'test@gmail.com', '$2b$10$rctIgQiudDFb1lQ5kB9Zeuqk7.urrFrn75olM49aPBzkkIRR4qeha', NULL, NULL, '2025-07-30 02:36:21', '2025-07-30 02:36:21'),
('3365896', 'Juan Pérez', '3365896', '11111', 'Asunción, Paraguay', 'juan.perez@example45.com', '$2b$10$qbfPG6lLWa5R/6KxqMs7W.aSgcAenWqFWAbC0s7e806waZH3zeS4u', '/images/clientesLogos/logo_3365896.png', 'cliente', '2025-06-25 21:00:00', '2025-07-28 21:27:19'),
('5582454', 'Ana Gómez', '5582454', '0981127890', 'San Lorenzo', 'ana.gomez@example.com', '$2b$10$R7y69ns3jI15TS8ek5IeA.O0tG7NwpWLEloPFw7vTwerGOEloHXZC', 'images/clientesLogos/default.png', 'cliente', '2025-06-25 21:01:00', '2025-06-25 21:01:00');

-- --------------------------------------------------------

--
-- Estructura de tabla para la tabla `precio_cab`
--

CREATE TABLE `precio_cab` (
  `id` int(11) NOT NULL,
  `descripcion` varchar(255) DEFAULT NULL
) ENGINE=InnoDB DEFAULT CHARSET=utf8mb4 COLLATE=utf8mb4_general_ci;

--
-- Volcado de datos para la tabla `precio_cab`
--

INSERT INTO `precio_cab` (`id`, `descripcion`) VALUES
(1, 'PRECIO LISTA 1');

-- --------------------------------------------------------

--
-- Estructura de tabla para la tabla `precio_det`
--

CREATE TABLE `precio_det` (
  `id` int(11) NOT NULL,
  `precioCab` int(11) DEFAULT NULL,
  `codigo` varchar(20) DEFAULT NULL,
  `precio` int(11) DEFAULT NULL
) ENGINE=InnoDB DEFAULT CHARSET=utf8mb4 COLLATE=utf8mb4_general_ci;

--
-- Volcado de datos para la tabla `precio_det`
--

INSERT INTO `precio_det` (`id`, `precioCab`, `codigo`, `precio`) VALUES
(1, 1, '7840023000150', 3650),
(2, 1, '7840533000022', 9700),
(3, 1, '7840023000266', 5900),
(4, 1, '7840023000273', 49550),
(5, 1, '7840023000259', 10550),
(6, 1, '7840023000280', 9150),
(7, 1, '7840023000303', 45050),
(8, 1, '7840023000297', 5450),
(9, 1, '7841297000075', 8850),
(10, 1, '7896398900038', 18300),
(11, 1, '7896398901134', 89500),
(12, 1, '7730177003803', 17300),
(13, 1, '7840997000118', 8250),
(14, 1, '2200402', 7100),
(15, 1, '7840997000095', 3850),
(16, 1, '7840997000057', 6900),
(17, 1, '7841297000082', 0),
(18, 1, '7841297000129', 0),
(19, 1, '7840077000069', 39200),
(20, 1, '8004690053195', 15500),
(21, 1, '8004690052501', 15500),
(22, 1, '8004323110073', 0),
(23, 1, '8004323130378', 18500),
(24, 1, '7730114000780', 30900),
(25, 1, '7730114000797', 30900),
(26, 1, '7730114100077', 30900),
(27, 1, '7730114100084', 30900),
(28, 1, '7730114100015', 30900),
(29, 1, '7730114100046', 30900),
(30, 1, '8853602001379', 14500),
(31, 1, '8005121000115', 17500),
(32, 1, '8005121002850', 26500),
(33, 1, '8005121050851', 30000),
(34, 1, '8005121050400', 30000),
(35, 1, '8005121000146', 17500),
(36, 1, '8005121001006', 26500),
(37, 1, '8005121050271', 30000),
(38, 1, '7840045056210', 9350),
(39, 1, '90105', 6850),
(40, 1, '7840595000060', 4700),
(41, 1, '7840595000077', 9150),
(42, 1, '7840595000084', 15200),
(43, 1, '425692', 12950),
(44, 1, '7790580138738', 10000),
(45, 1, '036800838802', 25500),
(46, 1, '7840248990502', 14400),
(47, 1, '7842558000117', 18150),
(48, 1, '7842558000131', 18150),
(49, 1, '7842558000056', 31600),
(50, 1, '7841731000210', 0),
(51, 1, '9901312', 3150),
(52, 1, '9901313', 5950),
(53, 1, '9901314', 12150),
(54, 1, '087703136571', 59750),
(55, 1, '7840045018478', 0),
(56, 1, '7840045018485', 9700),
(57, 1, '7840595001418', 4550),
(58, 1, '7840595000121', 11350),
(59, 1, '7840595000114', 5950),
(60, 1, '7840595000176', 11300),
(61, 1, '7840595000169', 6000),
(62, 1, '7840595000237', 0),
(63, 1, '7840595000220', 0),
(64, 1, '7840595004884', 9000),
(65, 1, '7840595002903', 2350),
(66, 1, '7841849000102', 0),
(67, 1, '7841849000119', 0),
(68, 1, '4311501034002', 19950),
(69, 1, '7840821001595', 0),
(70, 1, '7802215510021', 19200),
(71, 1, '7896063230057', 29900),
(72, 1, '7896063285446', 29900),
(73, 1, '7840591003713', 11650),
(74, 1, '7840591003683', 1850),
(75, 1, '7840591003690', 3150),
(76, 1, '7840078000310', 0),
(77, 1, '7840078001249', 0),
(78, 1, '7840078000129', 0),
(79, 1, '7840078000587', 0),
(80, 1, '7840127000230', 11250),
(81, 1, '7840127000223', 6400),
(82, 1, '7840127000124', 13250),
(83, 1, '7840127001107', 12300),
(84, 1, '7840127000391', 7400),
(85, 1, '7840127000384', 12700),
(86, 1, '7840127000735', 7150),
(87, 1, '7840127000728', 13000),
(88, 1, '7840127000216', 7500),
(89, 1, '7840127000766', 4750),
(90, 1, '7840127000773', 8550),
(91, 1, '7840078002758', 45500),
(92, 1, '7840013000016', 18500),
(93, 1, '7840013000030', 4900),
(94, 1, '7840013000023', 9550),
(95, 1, '7840013000054', 11100),
(96, 1, '9900010934689', 80000),
(97, 1, '9900010953352', 50000),
(98, 1, '9900010953338', 78000),
(99, 1, '9900010962675', 74500),
(100, 1, '9900010934887', 100000),
(101, 1, '9900010953598', 67000),
(102, 1, '9900011625111', 32000),
(103, 1, '9900010932562', 62500),
(104, 1, '9900010932524', 59500),
(105, 1, '6954365301057', 25000),
(106, 1, '7450014123517', 48750),
(107, 1, '9900010967762', 70000),
(108, 1, '9900010953376', 70000),
(109, 1, '7846666302613', 18250),
(110, 1, '9900011186735', 15000),
(111, 1, '9900011186742', 22500),
(112, 1, '9900011186155', 18000),
(113, 1, '9900011186292', 15500),
(114, 1, '9900011186148', 30000),
(115, 1, '9900011186544', 4000),
(116, 1, '7806810200073', 18500),
(117, 1, '7806810200028', 49000),
(118, 1, '9900011186278', 11500),
(119, 1, '9900011186513', 58500),
(120, 1, '9900011186193', 18000),
(121, 1, '9900011167307', 13000),
(122, 1, '9900011565585', 12000),
(123, 1, '9900011565592', 15500),
(124, 1, '9900011565608', 20000),
(125, 1, '9900011564830', 23000),
(126, 1, '9900011564335', 8500),
(127, 1, '9900011564298', 6500),
(128, 1, '9900011564410', 14000),
(129, 1, '9900011564342', 9500),
(130, 1, '9900011563871', 18500),
(131, 1, '9900011564304', 9500),
(132, 1, '9900011564274', 14500),
(133, 1, '9900011564427', 16000),
(134, 1, '9900011563888', 23500),
(135, 1, '9900011564281', 16000),
(136, 1, '9900011564311', 15000),
(137, 1, '9900011564328', 17500),
(138, 1, '9900011564434', 19000),
(139, 1, '9900011564366', 15000),
(140, 1, '9900011564441', 22000),
(141, 1, '7891155017271', 14000),
(142, 1, '7891155040903', 11650),
(143, 1, '7891155047148', 14000),
(144, 1, '7891155038955', 10450),
(145, 1, '7891155042600', 17450),
(146, 1, '9900011178624', 12500),
(147, 1, '9900011178570', 12500),
(148, 1, '9900011178532', 12500),
(149, 1, '7891155056584', 14600),
(150, 1, '7891155022183', 11650),
(151, 1, '7891155002512', 5000),
(152, 1, '7891155002499', 6150),
(153, 1, '7891155013839', 7100),
(154, 1, '7891155003939', 4950),
(155, 1, '7891155036388', 2450),
(156, 1, '7891155002529', 5200),
(157, 1, '7891155005032', 3800),
(158, 1, '7891155004691', 6450),
(159, 1, '7891155008040', 7300),
(160, 1, '7891155002604', 2750),
(161, 1, '9900011168908', 63100),
(162, 1, '9900011168915', 76500),
(163, 1, '9900010992375', 10000),
(164, 1, '9900011218092', 7500),
(165, 1, '9900011218184', 8000),
(166, 1, '9900011009812', 12600),
(167, 1, '9900011255257', 6100),
(168, 1, '9900011255172', 7600),
(169, 1, '9900011255264', 6600),
(170, 1, '9900011255134', 17900),
(171, 1, '9900011009850', 10000),
(172, 1, '9900011629461', 15200),
(173, 1, '9900011629492', 15300),
(174, 1, '9900011254809', 15800),
(175, 1, '9900011629409', 19100),
(176, 1, '9900011629485', 22300),
(177, 1, '9900011002486', 8000),
(178, 1, '9900011002462', 10500),
(179, 1, '1898978188832', 0),
(180, 1, '1898978251574', 13000),
(181, 1, '9900011217972', 10900),
(182, 1, '9900011217996', 11000),
(183, 1, '9900011184410', 30500),
(184, 1, '9900011184502', 7500),
(185, 1, '9900011179874', 16500),
(186, 1, '9900011015661', 2500),
(187, 1, '9900011260251', 8500),
(188, 1, '9900011187978', 14500),
(189, 1, '9900011187961', 23000),
(190, 1, '9900011220354', 5000),
(191, 1, '9900011220385', 7500),
(192, 1, '9900011220330', 5000),
(193, 1, '6952089201837', 50000),
(194, 1, '9900010923775', 66300),
(195, 1, '9900011262842', 13050),
(196, 1, '9900011163743', 20500),
(197, 1, '9900011163705', 12000),
(198, 1, '9900011190077', 12000),
(199, 1, '9900011158381', 17500),
(200, 1, '70870', 35350),
(201, 1, '70550', 0),
(202, 1, '9289', 19500),
(203, 1, '70513', 23950),
(204, 1, '9391', 19750),
(205, 1, '7840369041206', 33750),
(206, 1, '642649', 35000),
(207, 1, '7840369040919', 28300),
(208, 1, '70233', 29500),
(209, 1, '70610', 31500),
(210, 1, '70614', 24900),
(211, 1, '70612', 35450),
(212, 1, '71002', 16100),
(213, 1, '71327', 14550),
(214, 1, '71326', 14550),
(215, 1, '75650', 48250),
(216, 1, '71452', 37500),
(217, 1, '70641', 40500),
(218, 1, '75648', 57600),
(219, 1, '89471', 61800),
(220, 1, '73258', 49400),
(221, 1, '75021', 70000),
(222, 1, '70001', 7800),
(223, 1, '70002', 10800),
(224, 1, '7042', 40000),
(225, 1, '771500', 0),
(226, 1, '70104', 41950),
(227, 1, '70103', 25450),
(228, 1, '7840699002250', 13750),
(229, 1, '7840699002243', 22150),
(230, 1, '7840606002298', 27600),
(231, 1, '7840606002304', 19800),
(232, 1, '7120', 0),
(233, 1, '71473', 80000),
(234, 1, '8410053150379', 166750),
(235, 1, '71048', 73000),
(236, 1, '72000', 24000),
(237, 1, '43725', 160100),
(238, 1, '72001', 60000),
(239, 1, '8410053154964', 68500),
(240, 1, '8410053151840', 106950),
(241, 1, '96793', 139500),
(242, 1, '75120', 51000),
(243, 1, '80032', 8500),
(244, 1, '8059', 8000),
(245, 1, '30793', 48000),
(246, 1, '87754', 10000),
(247, 1, '8030', 29000),
(248, 1, '88726', 37000),
(249, 1, '80128', 28900),
(250, 1, '8004', 25500),
(251, 1, '80039', 28000),
(252, 1, '30760', 6000),
(253, 1, '11798', 45000),
(254, 1, '30742', 38000),
(255, 1, '30743', 32000),
(256, 1, '8049', 62500),
(257, 1, '8390', 45000),
(258, 1, '3082', 43000),
(259, 1, '8015', 34000),
(260, 1, '8931', 39000),
(261, 1, '81658', 37700),
(262, 1, '90699', 201700),
(263, 1, '9057', 16150),
(264, 1, '9023', 7500),
(265, 1, '41017', 104600),
(266, 1, '9066', 41050),
(267, 1, '90132', 66250),
(268, 1, '90173', 34850),
(269, 1, '9878', 22450),
(270, 1, '9099', 55100),
(271, 1, '90137', 31950),
(272, 1, '90175', 5450),
(273, 1, '13610', 27400),
(274, 1, '9028', 10150),
(275, 1, '9024', 40750),
(276, 1, '9074', 23100),
(277, 1, '90474', 11200),
(278, 1, '90414', 13100),
(279, 1, '9069', 28950),
(280, 1, '90510', 21600),
(281, 1, '90152', 21600),
(282, 1, '90031', 2050),
(283, 1, '90104', 17950),
(284, 1, '9001', 5000),
(285, 1, '62340', 1150),
(286, 1, '9010', 53750),
(287, 1, '90377', 6850),
(288, 1, '90379', 7850),
(289, 1, '9029', 3300),
(290, 1, '91750', 5000),
(291, 1, '9021', 4200),
(292, 1, '9016', 2650),
(293, 1, '90206', 7250),
(294, 1, '9055', 20650),
(295, 1, '9022', 3350),
(296, 1, '90383', 45950),
(297, 1, '90916', 13500),
(298, 1, '90207', 8500),
(299, 1, '90007', 10500),
(300, 1, '9068', 8350),
(301, 1, '90154', 12750),
(302, 1, '7896691104492', 4000),
(303, 1, '7896691104515', 4000),
(304, 1, '7896691104508', 14900),
(305, 1, '7896691103129', 4000),
(306, 1, '7896691103211', 14900),
(307, 1, '7896691103471', 7900),
(308, 1, '7896691103006', 7900),
(309, 1, '7896691103013', 7900),
(310, 1, '7840005014045', 6350),
(311, 1, '746515', 5450),
(312, 1, '7840042000131', 6350),
(313, 1, '7613035764552', 0),
(314, 1, '7840042003019', 24800),
(315, 1, '7840042003026', 14150),
(316, 1, '7840042003033', 7650),
(317, 1, '7891000253182', 12800),
(318, 1, '7891000120101', 0),
(319, 1, '7891000126905', 0),
(320, 1, '7898686950565', 0),
(321, 1, '7840006202892', 0),
(322, 1, '7840006203516', 0),
(323, 1, '7896183201159', 7500),
(324, 1, '7896183201395', 14900),
(325, 1, '7840037001075', 14150),
(326, 1, '7840037001389', 9450),
(327, 1, '7840006204360', 14950),
(328, 1, '7840005000352', 23600),
(329, 1, '7898215157113', 33000),
(330, 1, '7898215157106', 33000),
(331, 1, '7898215157175', 33000),
(332, 1, '7898215157120', 33000),
(333, 1, '7804671930252', 27000),
(334, 1, '7804671930238', 26500),
(335, 1, '7804671930320', 11000),
(336, 1, '7804671930245', 26500),
(337, 1, '7804671930276', 26500),
(338, 1, '7804671930344', 11000),
(339, 1, '7804671930313', 27000),
(340, 1, '7804671930290', 27000),
(341, 1, '7804671930306', 27000),
(342, 1, '7790742340108', 31000),
(343, 1, '7898994972112', 0),
(344, 1, '7898994972105', 0),
(345, 1, '7840976000016', 33300),
(346, 1, '7898905356154', 19550),
(347, 1, '7898370100023', 10900),
(348, 1, '7898370100030', 25900),
(349, 1, '7891000108277', 0),
(350, 1, '7891030000138', 17500),
(351, 1, '7891000065440', 0),
(352, 1, '7891097101427', 14750),
(353, 1, '7896051116592', 0),
(354, 1, '7840029000277', 0),
(355, 1, '7840029872294', 0),
(356, 1, '7840030002468', 8000),
(357, 1, '7840042002500', 10200),
(358, 1, '7840042002548', 5400),
(359, 1, '7840042002517', 2600),
(360, 1, '7891000110829', 11600),
(361, 1, '7840006204797', 10000),
(362, 1, '7840005000062', 2600),
(363, 1, '7840030003205', 42000),
(364, 1, '7793913001990', 23200),
(365, 1, '7790787172566', 0),
(366, 1, '7790787002672', 0),
(367, 1, '7840006163018', 10550),
(368, 1, '7840006163025', 3050),
(369, 1, '7802920008141', 12100),
(370, 1, '7802920008158', 12100),
(371, 1, '7802920008110', 0),
(372, 1, '7802920008127', 12100),
(373, 1, '7840037014211', 10450),
(374, 1, '7840006161014', 8300),
(375, 1, '7840042000421', 8800),
(376, 1, '7840030002147', 6900),
(377, 1, '7790742363008', 12500),
(378, 1, '7840006201529', 0),
(379, 1, '7840005011174', 6350),
(380, 1, '7840005012904', 3400),
(381, 1, '7840037000917', 8950),
(382, 1, '14785', 2250),
(383, 1, '02161', 6900),
(384, 1, '7840037001310', 7950),
(385, 1, '7840031120000', 6800),
(386, 1, '7840006204834', 0),
(387, 1, '7840031110001', 6800),
(388, 1, '7840037001204', 7950),
(389, 1, '7840005013710', 0),
(390, 1, '7790742335807', 15200),
(391, 1, '7790742333605', 15200),
(392, 1, '7840042000384', 8600),
(393, 1, '7840042000391', 2250),
(394, 1, '7840030002505', 4400),
(395, 1, '7840031140107', 4700),
(396, 1, '7840031105007', 3550),
(397, 1, '7840042101746', 3100),
(398, 1, '7840005002011', 3050),
(399, 1, '7840006201550', 0),
(400, 1, '7840005013789', 0),
(401, 1, '7840005013772', 0),
(402, 1, '7840030002376', 2150),
(403, 1, '7840030002369', 2150),
(404, 1, '7412896', 0),
(405, 1, '7840006201680', 0),
(406, 1, '7840006201697', 0),
(407, 1, '7840006201253', 0),
(408, 1, '7840006201246', 0),
(409, 1, '7840030002932', 2150),
(410, 1, '7840030002925', 2150),
(411, 1, '7840037003178', 1850),
(412, 1, '7840037003161', 1850),
(413, 1, '7840030001720', 1750),
(414, 1, '7840042110656', 7200),
(415, 1, '7840042110632', 1700),
(416, 1, '7840042110649', 3600),
(417, 1, '7840042102651', 7200),
(418, 1, '7840042102637', 1700),
(419, 1, '7840042102644', 3600),
(420, 1, '7840042103658', 7200),
(421, 1, '7840042103634', 1700),
(422, 1, '7840042103641', 3600),
(423, 1, '7840042100657', 7200),
(424, 1, '7840042100633', 1700),
(425, 1, '7840042100640', 3600),
(426, 1, '7840042101654', 7200),
(427, 1, '7840042101630', 1700),
(428, 1, '7840042101647', 3600),
(429, 1, '7896691101002', 18900),
(430, 1, '7896691102801', 18900),
(431, 1, '7840042103528', 3550),
(432, 1, '7840042101524', 3550),
(433, 1, '7840042102521', 3550),
(434, 1, '6086', 22000),
(435, 1, '8265', 45500),
(436, 1, '8057', 43000),
(437, 1, '8014', 37500),
(438, 1, '80855', 44000),
(439, 1, '8005', 8300),
(440, 1, '8011', 10200),
(441, 1, '8008', 8100),
(442, 1, '80456', 10700),
(443, 1, '80424', 10750),
(444, 1, '80685', 21500),
(445, 1, '8241', 29000),
(446, 1, '80739', 21500),
(447, 1, '8096', 19500),
(448, 1, '8042', 19500),
(449, 1, '8097', 19500),
(450, 1, '80982', 26500),
(451, 1, '91235', 41100),
(452, 1, '8020', 35000),
(453, 1, '7891962060460', 7900),
(454, 1, '7891962060477', 7900),
(455, 1, '7891962055947', 0),
(456, 1, '7840131004491', 11000),
(457, 1, '7896064203586', 9900),
(458, 1, '7896064203579', 9900),
(459, 1, '7896064205245', 9900),
(460, 1, '7898115900048', 0),
(461, 1, '7898115900017', 0),
(462, 1, '7841854000401', 22450),
(463, 1, '7840047000020', 8650),
(464, 1, '7840047000013', 15300),
(465, 1, '7841503001551', 10900),
(466, 1, '7841503001568', 5900),
(467, 1, '9112221307200', 35650),
(468, 1, '7841282000011', 6900),
(469, 1, '7840581003006', 19200),
(470, 1, '7793890259490', 10500),
(471, 1, '7793890260847', 5800),
(472, 1, '50254', 7000),
(473, 1, '8794', 17900),
(474, 1, '8554', 49950),
(475, 1, '80985', 47500),
(476, 1, '50244', 16500),
(477, 1, '80623', 11600),
(478, 1, '80624', 11000),
(479, 1, '80998', 9000),
(480, 1, '8028', 6500),
(481, 1, '99835', 7500),
(482, 1, '9304', 7000),
(483, 1, '80612', 7500),
(484, 1, '9305', 9500),
(485, 1, '8562', 7000),
(486, 1, '9307', 8000),
(487, 1, '80641', 9000),
(488, 1, '80966', 7000),
(489, 1, '80212', 7500),
(490, 1, '82334', 6500),
(491, 1, '8029', 6500),
(492, 1, '7840113102054', 8750),
(493, 1, '7840113102023', 6000),
(494, 1, '7840113102016', 7550),
(495, 1, '7840113102047', 10700),
(496, 1, '7840113103037', 9650),
(497, 1, '7840113103013', 9650),
(498, 1, '7840113101026', 10650),
(499, 1, '7840113101071', 10650),
(500, 1, '5256067', 8700),
(501, 1, '7840113101064', 6450),
(502, 1, '7840113201092', 30250),
(503, 1, '7791664001276', 20050),
(504, 1, '7791664001283', 8150),
(505, 1, '7791664001252', 0),
(506, 1, '7791652000823', 45400),
(507, 1, '7791652000281', 45400),
(508, 1, '7791652022054', 45400),
(509, 1, '7840821002868', 0),
(510, 1, '7840821002844', 0),
(511, 1, '7840821002851', 0),
(512, 1, '9900011187473', 5500),
(513, 1, '9900011187503', 4850),
(514, 1, '9900011187497', 6000),
(515, 1, '9900011184625', 16000),
(516, 1, '9900011184571', 11500),
(517, 1, '9900011184588', 14000),
(518, 1, '9900011184656', 16500),
(519, 1, '9900011185660', 7700),
(520, 1, '9900011220279', 9000),
(521, 1, '7896040802970', 9100),
(522, 1, '7896040802994', 9700),
(523, 1, '7896040802963', 6100),
(524, 1, '7840263018106', 6100),
(525, 1, '7840263018113', 7000),
(526, 1, '7840263018175', 11500),
(527, 1, '9900011255752', 12000),
(528, 1, '9900011255745', 12000),
(529, 1, '9900011255783', 15000),
(530, 1, '9900011255738', 18000),
(531, 1, '9900011255776', 20000),
(532, 1, '9053', 5120),
(533, 1, '9091', 4250),
(534, 1, '9025', 6550),
(535, 1, '60758', 3550),
(536, 1, '90411', 3550);

-- --------------------------------------------------------

--
-- Estructura de tabla para la tabla `productos`
--

CREATE TABLE `productos` (
  `id` int(11) NOT NULL,
  `codCategoria` int(11) DEFAULT NULL,
  `codSubCategoria` int(11) DEFAULT NULL,
  `codigo` varchar(20) DEFAULT NULL,
  `descripcion` varchar(255) DEFAULT NULL,
  `tipo` varchar(5) DEFAULT NULL,
  `stock_actual` decimal(10,3) DEFAULT NULL,
  `stock_minimo` decimal(10,3) DEFAULT NULL,
  `visible` varchar(1) DEFAULT NULL
) ENGINE=InnoDB DEFAULT CHARSET=utf8mb4 COLLATE=utf8mb4_general_ci;

--
-- Volcado de datos para la tabla `productos`
--

INSERT INTO `productos` (`id`, `codCategoria`, `codSubCategoria`, `codigo`, `descripcion`, `tipo`, `stock_actual`, `stock_minimo`, `visible`) VALUES
(1, 1, 1, '7840023000150', 'ARROZ  SUPREMO  T2 500 GR', 'Unid', 100.000, 10.000, '1'),
(2, 1, 1, '7840533000022', 'ARROZ AZUL TIPO II 1 KG  EL PAIS', 'Unid', 100.000, 10.000, '1'),
(3, 1, 1, '7840023000266', 'ARROZ CAMPOBELO TIPO II  1/2 KGRS', 'Unid', 100.000, 10.000, '1'),
(4, 1, 1, '7840023000273', 'ARROZ CAMPOBELO TIPO II  X5KG', 'Unid', 100.000, 10.000, '1'),
(5, 1, 1, '7840023000259', 'ARROZ CAMPOBELO TIPO II 1KG AZUL', 'Unid', 100.000, 10.000, '1'),
(6, 1, 1, '7840023000280', 'ARROZ CAMPOBELO TIPO III  VERDE', 'Unid', 100.000, 10.000, '1'),
(7, 1, 1, '7840023000303', 'ARROZ CAMPOBELO TIPO III  X5KG', 'Unid', 100.000, 10.000, '1'),
(8, 1, 1, '7840023000297', 'ARROZ CAMPOBELO TIPO III 500Gr.', 'Unid', 100.000, 10.000, '1'),
(9, 1, 1, '7841297000075', 'ARROZ CARRETERO GLASEADO CELESTE 1 KL', 'Unid', 100.000, 10.000, '1'),
(10, 1, 1, '7896398900038', 'ARROZ CHINES PARBOLIZADO 1KL X30', 'Unid', 100.000, 10.000, '1'),
(11, 1, 1, '7896398901134', 'ARROZ CHINES PARBORIZADO DE 5 KL.', 'Unid', 100.000, 10.000, '1'),
(12, 1, 1, '7730177003803', 'ARROZ CON QUESO MONTE CUDINE', 'Unid', 100.000, 10.000, '1'),
(13, 1, 1, '7840997000118', 'ARROZ COTIDIANO PARBOLIZADO 1KG.', 'Unid', 100.000, 10.000, '1'),
(14, 1, 1, '7840997000132', 'ARROZ COTIDIANO PARBOLIZADO 5KG', 'Unid', 100.000, 10.000, '1'),
(15, 1, 1, '2200402', 'ARROZ COTIDIANO TIPO 1 1KL', 'Unid', 100.000, 10.000, '1'),
(16, 1, 1, '7840997000095', 'ARROZ COTIDIANO TIPO 1 500GR', 'Unid', 100.000, 10.000, '1'),
(17, 1, 1, '7840997000057', 'ARROZ COTIDIANO TIPO 3 1KG', 'Unid', 100.000, 10.000, '1'),
(18, 1, 1, '7841297000082', 'ARROZ EL CARRETERO GLASEADO VERDE 500 GRS', 'Unid', 100.000, 10.000, '1'),
(19, 1, 1, '7841297000129', 'ARROZ EL CARRETERO TIPO 1 ROJO 1 KG', 'Unid', 100.000, 10.000, '1'),
(20, 1, 2, '8004690053195', 'FIDEOS RIGATONI LA MOLISANA NRO31 500GR', 'Unid', 100.000, 10.000, '1'),
(21, 1, 2, '8004690052501', 'CONCHIGLIE RIGATE NRO 25 LA MOLISANA 500 GR', 'Unid', 100.000, 10.000, '1'),
(22, 1, 2, '8004323110073', 'FIDEO COLAVITA BUCATINI 500GR', 'Unid', 100.000, 10.000, '1'),
(23, 1, 2, '8004323130378', 'FIDEO COLAVITA PENNE RIGATE 500GR', 'Unid', 100.000, 10.000, '1'),
(24, 1, 2, '7730114100138', 'FIDEO DE ARROZ BLUE PATNA CODITOS 500GR', 'Unid', 100.000, 10.000, '1'),
(25, 1, 2, '7730114000780', 'FIDEO DE ARROZ BLUE PATNA DEDALITOS 500GR', 'Unid', 100.000, 10.000, '1'),
(26, 1, 2, '7730114000797', 'FIDEO DE ARROZ BLUE PATNA FETTUCCINI 500GR', 'Unid', 100.000, 10.000, '1'),
(27, 1, 2, '7730114100077', 'FIDEO DE ARROZ BLUE PATNA MOSTACHOLES 500GR', 'Unid', 100.000, 10.000, '1'),
(28, 1, 2, '7730114100084', 'FIDEO DE ARROZ BLUE PATNA PAMPERITOS 500GR', 'Unid', 100.000, 10.000, '1'),
(29, 1, 2, '7730114100015', 'FIDEO DE ARROZ BLUE PATNA SPAGHETTI 500GR', 'Unid', 100.000, 10.000, '1'),
(30, 1, 2, '7730114100046', 'FIDEO DE ARROZ BLUE PATNA TIRABUZONES 500GR', 'Unid', 100.000, 10.000, '1'),
(31, 1, 2, '8853602001379', 'FIDEO DE ARROZ VERMICELLI  SECO 200 GR', 'Unid', 100.000, 10.000, '1'),
(32, 1, 2, '8005121000115', 'FIDEO DIVELLA CAPELLINI 500 GR', 'Unid', 100.000, 10.000, '1'),
(33, 1, 2, '8005121002850', 'FIDEO DIVELLA FARFALLE 500 GR', 'Unid', 100.000, 10.000, '1'),
(34, 1, 2, '8005121050851', 'FIDEO DIVELLA FARFALLE TRICOLOR 500 GR', 'Unid', 100.000, 10.000, '1'),
(35, 1, 2, '8005121050400', 'FIDEO DIVELLA FUSILLI TRICOLOR 500 GR', 'Unid', 100.000, 10.000, '1'),
(36, 1, 2, '8005121000146', 'FIDEO DIVELLA LINGUINE  500 GR', 'Unid', 100.000, 10.000, '1'),
(37, 1, 2, '8005121001006', 'FIDEO DIVELLA PAPPARDELLE 500 GR', 'Unid', 100.000, 10.000, '1'),
(38, 1, 3, '7840045056210', 'ALMIDÓN DE MAÍZ PRIMICIA 500GR', 'Unid', 100.000, 10.000, '1'),
(39, 1, 3, '90105', 'ALMIDON REFINADO X KG', 'Kl', 100.000, 10.000, '1'),
(40, 1, 3, '7840595000060', 'ARCO IRIS GALLETA MOLIDA 200 GR *12', 'Unid', 100.000, 10.000, '1'),
(41, 1, 3, '7840595000077', 'ARCO IRIS GALLETA MOLIDA 400 GR', 'Unid', 100.000, 10.000, '1'),
(42, 1, 3, '7840595000084', 'ARCO IRIS GALLETA MOLIDA 800 GR', 'Unid', 100.000, 10.000, '1'),
(43, 1, 3, '425692', 'ARCOIRIS GALLETA MOLIDA C/AJO Y PEREJIL 12*400', 'Unid', 100.000, 10.000, '1'),
(44, 1, 3, '7790580138738', 'ARCOR POLENTA PRESTOPRONTA 490 GR', 'Unid', 100.000, 10.000, '1'),
(45, 1, 3, '036800838802', 'BASE PARA TARTA FOOD CLUB 170 GR', 'Unid', 100.000, 10.000, '1'),
(46, 1, 3, '7840248990502', 'CARNE SOJA TEXTILES CARAMELO 500 GR', 'Unid', 100.000, 10.000, '1'),
(47, 1, 3, '7842558000117', 'FAROFA NATURE FIT DE MANI C/CACAO  350GR', 'Unid', 100.000, 10.000, '1'),
(48, 1, 3, '7842558000131', 'FAROFA NATURE FIT DE MANI C/COCO 350GR', 'Unid', 100.000, 10.000, '1'),
(49, 1, 3, '7842558000056', 'FAROFA NATURE FIT DE MANI CRUNCHY  350GR', 'Unid', 100.000, 10.000, '1'),
(50, 1, 3, '7841731000210', 'GALLETA MOLIDA HILDEBRAND 400GR', 'Unid', 100.000, 10.000, '1'),
(51, 1, 3, '9901312', 'GALLETA MOLIDA MICKEY 200GR', 'Unid', 100.000, 10.000, '1'),
(52, 1, 3, '9901313', 'GALLETA MOLIDA MICKEY 400GR', 'Unid', 100.000, 10.000, '1'),
(53, 1, 3, '9901314', 'GALLETA MOLIDA MICKEY 800GR', 'Unid', 100.000, 10.000, '1'),
(54, 1, 3, '087703136571', 'GALLETA MOLIDA PANKO 1 KL', 'Unid', 100.000, 10.000, '1'),
(55, 1, 3, '7840045018478', 'GALLETA MOLIDA PRIMICIA 400 GR', 'Unid', 100.000, 10.000, '1'),
(56, 1, 3, '7840045018485', 'GALLETA MOLIDA PRIMICIA 800 GR', 'Unid', 100.000, 10.000, '1'),
(57, 1, 4, '7840595001418', 'ARCO IRIS ENELDO SEMILLA 25 GR *20', 'Unid', 100.000, 10.000, '1'),
(58, 1, 4, '7840595000121', 'ARCO IRIS LOCRILLO 12x400 GRS', 'Unid', 100.000, 10.000, '1'),
(59, 1, 4, '7840595000114', 'ARCO IRIS LOCRILLO 200 GR *12', 'Unid', 100.000, 10.000, '1'),
(60, 1, 4, '7840595000176', 'ARCO IRIS LOCRO 12x400 GRS', 'Unid', 100.000, 10.000, '1'),
(61, 1, 4, '7840595000169', 'ARCO IRIS LOCRO 200 GR *12', 'Unid', 100.000, 10.000, '1'),
(62, 1, 4, '7840595000237', 'ARCO IRIS MAIZ PORORO 10x800 GRS', 'Unid', 100.000, 10.000, '1'),
(63, 1, 4, '7840595000220', 'ARCO IRIS MAIZ PORORO 12x400 GRS', 'Unid', 100.000, 10.000, '1'),
(64, 1, 4, '7840595004884', 'ARCO IRIS SEMILLA DE LINO 200 GR *12', 'Unid', 100.000, 10.000, '1'),
(65, 1, 4, '7840595002903', 'ARCO IRIS SEMILLA DE LINO 25 GR *20', 'Unid', 100.000, 10.000, '1'),
(66, 1, 4, '7841849000102', 'BROTERRA SEMILLAS DE CHIA 100GR', 'Unid', 100.000, 10.000, '1'),
(67, 1, 4, '7841849000119', 'BROTERRA SEMILLAS DE CHIA 200GR', 'Unid', 100.000, 10.000, '1'),
(68, 1, 4, '4311501034002', 'CHAUCHA EDEKA CORTADAS 530GR', 'Unid', 100.000, 10.000, '1'),
(69, 1, 4, '7840821001595', 'CHOCLO BON GUSTO ENLATADO  200 GR', 'Unid', 100.000, 10.000, '1'),
(70, 1, 4, '7802215510021', 'FRUTOS SECOS VIVO NUTS Y SEMILLAS 80 GRS', 'Unid', 100.000, 10.000, '1'),
(71, 1, 4, '7896063230057', 'GRANOLA VITAO ZERO 250GR', 'Unid', 100.000, 10.000, '1'),
(72, 1, 4, '7896063285446', 'GRANOLA VITAO ZERO BANANA Y CACAO 250GR', 'Unid', 100.000, 10.000, '1'),
(73, 1, 4, '7840591003713', 'HIERBAPAR SESAMO ORGANICO 250GR', 'Unid', 100.000, 10.000, '1'),
(74, 1, 4, '7840591003683', 'HIERBAPAR SESAMO SOBRE 25 GR', 'Unid', 100.000, 10.000, '1'),
(75, 1, 4, '7840591003690', 'HIERBAPAR SESAMO SOBRE 50 GR', 'Unid', 100.000, 10.000, '1'),
(76, 1, 5, '7840078000310', 'YERBA  SELECTA INTERMEDIA BOLSA 500 GR', 'Unid', 100.000, 10.000, '1'),
(77, 1, 5, '7840078001249', 'YERBA  SELECTA MENTA Y BOLDO 500GR', 'Unid', 100.000, 10.000, '1'),
(78, 1, 5, '7840078000129', 'YERBA MATE SELECTA  PAQUETE PLASTICO 500 GR *', 'Unid', 100.000, 10.000, '1'),
(79, 1, 5, '7840078000587', 'YERBA MATE SELECTA  SILUETA 50 GR', 'Unid', 100.000, 10.000, '1'),
(80, 1, 5, '7840127000230', 'KURUPI YERBA CLASICA 12*500 GR.', 'Unid', 100.000, 10.000, '1'),
(81, 1, 5, '7840127000223', 'KURUPI YERBA CLASICA 24*250 GR', 'Unid', 100.000, 10.000, '1'),
(82, 1, 5, '7840127000124', 'KURUPI YERBA COMPUESTA 500 GR', 'Unid', 100.000, 10.000, '1'),
(83, 1, 5, '7840127001107', 'KURUPI YERBA CON ANIS 500GR', 'Unid', 100.000, 10.000, '1'),
(84, 1, 5, '7840127000391', 'KURUPI YERBA ENERGIZANTE X 250GR..', 'Unid', 100.000, 10.000, '1'),
(85, 1, 5, '7840127000384', 'KURUPI YERBA ENERGIZANTE X 500GR', 'Unid', 100.000, 10.000, '1'),
(86, 1, 5, '7840127000735', 'KURUPI YERBA FITNESS 250GR *24.,', 'Unid', 100.000, 10.000, '1'),
(87, 1, 5, '7840127000728', 'KURUPI YERBA FITNESS 500GR *12', 'Unid', 100.000, 10.000, '1'),
(88, 1, 5, '7840127000216', 'KURUPI YERBA MATE COMPUESTA 250 GR', 'Unid', 100.000, 10.000, '1'),
(89, 1, 5, '7840127000766', 'KURUPI YERBA TRADICION 250GR *24', 'Unid', 100.000, 10.000, '1'),
(90, 1, 5, '7840127000773', 'KURUPI YERBA TRADICION 500GR *12', 'Unid', 100.000, 10.000, '1'),
(91, 1, 5, '7840078002758', 'LATA ESPECIAL + YERBA MATE SELECTA ELABORADA', 'Unid', 100.000, 10.000, '1'),
(92, 1, 5, '7840013000016', 'PAJARITO YERBA 1 KG *10', 'Unid', 100.000, 10.000, '1'),
(93, 1, 5, '7840013000030', 'PAJARITO YERBA 250 GR *20', 'Unid', 100.000, 10.000, '1'),
(94, 1, 5, '7840013000023', 'PAJARITO YERBA 500 GR *20', 'Unid', 100.000, 10.000, '1'),
(95, 1, 5, '7840013000054', 'PAJARITO YERBA ESPECIAL 500 GR *20', 'Unid', 100.000, 10.000, '1'),
(96, 2, 8, '9900010934689', 'MAST TERMO 1 LITRO CON MANIJA GLITTER', 'Unid', 100.000, 10.000, '1'),
(97, 2, 8, '9900010953352', 'MAST TERMO AC. 1L COLOR MATE C/ MANIJA', 'Unid', 100.000, 10.000, '1'),
(98, 2, 8, '9900010953338', 'MAST TERMO AC.1 LITRO UV COLOR C/MANIJA', 'Unid', 100.000, 10.000, '1'),
(99, 2, 8, '9900010962675', 'MAST TERMO AC.1LT MULTI COLOR MATE C/MANIJA', 'Unid', 100.000, 10.000, '1'),
(100, 2, 8, '9900010934887', 'MAST TERMO ACERO 1 L DOBLE PARED COLOR MANIJA FIJA', 'Unid', 100.000, 10.000, '1'),
(101, 2, 8, '9900010953598', 'MAST VASO DOBLE PARED / ABRIDOR 590ML UV COLOR', 'Unid', 100.000, 10.000, '1'),
(102, 2, 8, '9900011625111', 'TAZA BATIDORA C/TAPA 18X9,5CM REF F3-2-17151-15', 'Unid', 100.000, 10.000, '1'),
(103, 2, 8, '9900010932562', 'TERMO A PRESION 1 LT REF POT-1 ÑANDUTI', 'Unid', 100.000, 10.000, '1'),
(104, 2, 8, '9900010932524', 'TERMO A PRESION 1 LT REF POT-100 COLOR LISO', 'Unid', 100.000, 10.000, '1'),
(105, 2, 8, '6954365301057', 'TERMO DE AGUA CALIENTE 1 LITRO LISO COLOR', 'Unid', 100.000, 10.000, '1'),
(106, 2, 8, '7450014123517', 'TETERA ACERO PLATEADO 4LITROS REF 713-1412351', 'Unid', 100.000, 10.000, '1'),
(107, 2, 8, '9900010967762', 'VASO C/ABRIDOR DOBLE PARED 510ML HAMMER REF LHC510', 'Unid', 100.000, 10.000, '1'),
(108, 2, 8, '9900010953376', 'VASO CON ABRIDOR DOBLE PARE 510 ML COLOR MATE', 'Unid', 100.000, 10.000, '1'),
(109, 2, 10, '7846666302613', 'SARTEN ENLOZADORA SAN LORENZO N°16', 'Unid', 100.000, 10.000, '1'),
(110, 2, 10, '7806810236119', 'SARTEN ILKO ANTIADHERENTE 24CM.', 'Unid', 100.000, 10.000, '1'),
(111, 2, 11, '9900011186735', 'BALDE HALLOWEEN 12,8*12*8,8CM D/METAL REF 9412-47', 'Unid', 100.000, 10.000, '1'),
(112, 2, 11, '9900011186742', 'BALDE HALLOWEEN 16,5*13,5*11CM D/METAL REF 9412-48', 'Unid', 100.000, 10.000, '1'),
(113, 2, 11, '9900011186155', 'BANDEJA ESTAMPADA 33*27CM D/METAL REF 9412-13', 'Unid', 100.000, 10.000, '1'),
(114, 2, 11, '9900011186292', 'BANDEJA ESTAMPADA 34*23CM D/METAL REF 9412-18', 'Unid', 100.000, 10.000, '1'),
(115, 2, 11, '9900011186148', 'BANDEJA ESTAMPADA 41*33CM D/METAL REF 9412-12', 'Unid', 100.000, 10.000, '1'),
(116, 2, 11, '9900011186544', 'MINI POTE ESTAMPADO 5,8*1,5CM D/METAL REF 9412-36', 'Unid', 100.000, 10.000, '1'),
(117, 2, 11, '7806810200073', 'MOLDE ILKO ESTAÑADO KUCHEN/PIZZA REDONDA 25 CM', 'Unid', 100.000, 10.000, '1'),
(118, 2, 11, '7806810200028', 'MOLDE ILKO ESTAÑADO REDONDO N°26 CM', 'Unid', 100.000, 10.000, '1'),
(119, 2, 11, '9900011186278', 'POTE ESTAMPADO 10,5*8*6CM D/METAL REF 9412-16', 'Unid', 100.000, 10.000, '1'),
(120, 2, 11, '9900011186513', 'POTE ESTAMPADO 13*8,5*16,3CM D/METAL REF 9412-35', 'Unid', 100.000, 10.000, '1'),
(121, 2, 11, '9900011186193', 'POTE ESTAMPADO 9,5*15,8CM D/METAL REF 9412-14', 'Unid', 100.000, 10.000, '1'),
(122, 2, 12, '9900011167307', 'BOTELLA CARS P/AGUA 500ML PLAST REF 35194-114', 'Unid', 100.000, 10.000, '1'),
(123, 2, 12, '9900011565585', 'BANDEJA 27,5X4,5CM MELAMINA REF 34816-186', 'Unid', 100.000, 10.000, '1'),
(124, 2, 12, '9900011565592', 'BANDEJA 31,5X5CM MELAMINA REF 34816-187', 'Unid', 100.000, 10.000, '1'),
(125, 2, 12, '9900011565608', 'BANDEJA 35,5X5,5CM MELAMINA REF 34816-188', 'Unid', 100.000, 10.000, '1'),
(126, 2, 12, '9900011564830', 'BANDEJA C/DISEÑO 30X30CM PLAST REF 34816-111', 'Unid', 100.000, 10.000, '1'),
(127, 2, 12, '9900011564335', 'BANDEJA ESTAMP 28,5X22CM MELAMINA REF 34816-61', 'Unid', 100.000, 10.000, '1'),
(128, 2, 12, '9900011564298', 'BANDEJA ESTAMP 28X18,5CM MELAMINA REF 34816-57', 'Unid', 100.000, 10.000, '1'),
(129, 2, 12, '9900011564410', 'BANDEJA ESTAMP 33,5X22CM MELAMINA REF 34816-69', 'Unid', 100.000, 10.000, '1'),
(130, 2, 12, '9900011564342', 'BANDEJA ESTAMP 33X24,5CM MELAMINA REF 34816-62', 'Unid', 100.000, 10.000, '1'),
(131, 2, 12, '9900011563871', 'BANDEJA ESTAMP 33X25CM MELAMINA REF 34816-15', 'Unid', 100.000, 10.000, '1'),
(132, 2, 12, '9900011564304', 'BANDEJA ESTAMP 34X22,5CM MELAMINA REF 34816-58', 'Unid', 100.000, 10.000, '1'),
(133, 2, 12, '9900011564274', 'BANDEJA ESTAMP 35,5X26,5CM MELAMINA REF 34816-55', 'Unid', 100.000, 10.000, '1'),
(134, 2, 12, '9900011564427', 'BANDEJA ESTAMP 37X25CM MELAMINA REF 34816-70', 'Unid', 100.000, 10.000, '1'),
(135, 2, 12, '9900011563888', 'BANDEJA ESTAMP 38X28CM MELAMINA REF 34816-16', 'Unid', 100.000, 10.000, '1'),
(136, 2, 12, '9900011564281', 'BANDEJA ESTAMP 39,5X30CM MELAMINA REF 34816-56', 'Unid', 100.000, 10.000, '1'),
(137, 2, 12, '9900011564311', 'BANDEJA ESTAMP 40X26,5CM MELAMINA REF 34816-59', 'Unid', 100.000, 10.000, '1'),
(138, 2, 12, '9900011564328', 'BANDEJA ESTAMP 40X36,5CM MELAMINA REF 34816-60', 'Unid', 100.000, 10.000, '1'),
(139, 2, 12, '9900011564434', 'BANDEJA ESTAMP 41X28CM MELAMINA REF 34816-71', 'Unid', 100.000, 10.000, '1'),
(140, 2, 12, '9900011564366', 'BANDEJA ESTAMP 42X30CM MELAMINA REF 34816-64', 'Unid', 100.000, 10.000, '1'),
(141, 2, 12, '9900011564441', 'BANDEJA ESTAMP 45X31CM MELAMINA REF 34816-72', 'Unid', 100.000, 10.000, '1'),
(142, 2, 13, '7891155017271', 'COPA AGUA LIRIO AGUA 365 ML', 'Unid', 100.000, 10.000, '1'),
(143, 2, 13, '7891155040903', 'COPA BARONE CHAMPAGNE 180 ML', 'Unid', 100.000, 10.000, '1'),
(144, 2, 13, '7891155047148', 'COPA BRUNELLO VINO 390ML', 'Unid', 100.000, 10.000, '1'),
(145, 2, 13, '7891155038955', 'COPA CELEBRA CHAMPAGNE 190ML', 'Unid', 100.000, 10.000, '1'),
(146, 2, 13, '7891155042600', 'COPA CERVEZA DUBLIN  400ML', 'Unid', 100.000, 10.000, '1'),
(147, 2, 13, '9900011178624', 'COPA D/VINO 8X15,3CM REF 66254-66296-7', 'Unid', 100.000, 10.000, '1'),
(148, 2, 13, '9900011178570', 'COPA D/VINO 8X15,5CM REF 66254-66296-4', 'Unid', 100.000, 10.000, '1'),
(149, 2, 13, '9900011178532', 'COPA D/VINO 9X16,5CM REF 66254-66296-2', 'Unid', 100.000, 10.000, '1'),
(150, 2, 13, '7891155056584', 'COPA NADIR P/GIN 600ML', 'Unid', 100.000, 10.000, '1'),
(151, 2, 13, '7891155022183', 'COPA VINO NADIR TINTO EMPERATRIZ REF 7133', 'Unid', 100.000, 10.000, '1'),
(152, 2, 13, '7891155002512', 'VASO BAR AGUA/REFRESCO 340 ML', 'Unid', 100.000, 10.000, '1'),
(153, 2, 13, '7891155002499', 'VASO BAR NADIR AGUA/REFRESCO 390 ML', 'Unid', 100.000, 10.000, '1'),
(154, 2, 13, '7891155013839', 'VASO CERVECERO NADIR FREVA CRISTAL 320 ML', 'Unid', 100.000, 10.000, '1'),
(155, 2, 13, '7891155003939', 'VASO NADIR  VEGAS AGUA 240 ML 2052', 'Unid', 100.000, 10.000, '1'),
(156, 2, 13, '7891155036388', 'VASO NADIR APERITIVO BRISTOL SHOT 60 ML', 'Unid', 100.000, 10.000, '1'),
(157, 2, 13, '7891155002529', 'VASO NADIR BAMBO AMERICO REF 2710', 'Unid', 100.000, 10.000, '1'),
(158, 2, 13, '7891155005032', 'VASO NADIR CYLINDER AGUA/ REFRESCO 300ML', 'Unid', 100.000, 10.000, '1'),
(159, 2, 13, '7891155004691', 'VASO NADIR CYLINDER TUBO 320 ML', 'Unid', 100.000, 10.000, '1'),
(160, 2, 13, '7891155008040', 'VASO NADIR DRINK BRISTOL 340 ML', 'Unid', 100.000, 10.000, '1'),
(161, 2, 13, '7891155002604', 'VASO TEQUILA NADIR AMERICANO 45 ML', 'Unid', 100.000, 10.000, '1'),
(162, 2, 14, '9900011168908', 'TETERA 0,6L D/METAL REF 1F-033B-4', 'Unid', 100.000, 10.000, '1'),
(163, 2, 14, '9900011168915', 'TETERA 1L D/METAL REF 1F-033B-5', 'Unid', 100.000, 10.000, '1'),
(164, 2, 15, '9900010992375', 'PLATO CERAMICO HANDPRINTED 10,5 LISO REF: WJHPOO', 'Unid', 100.000, 10.000, '1'),
(165, 2, 15, '9900011218092', 'PLATO ESTAMPADO 17,5*2,5CM CERAMICO REF 6724-2', 'Unid', 100.000, 10.000, '1'),
(166, 2, 15, '9900011218184', 'PLATO ESTAMPADO 8CM CERAMICO REF 6724-10', 'Unid', 100.000, 10.000, '1'),
(167, 2, 15, '9900011009812', 'PLATO HAND PRINTED 10,5\'\' PORCELANA REF WJHP003', 'Unid', 100.000, 10.000, '1'),
(168, 2, 15, '9900011255257', 'PLATO HONDO 7´´ 18X6CM CERAMIC REF 6724-76', 'Unid', 100.000, 10.000, '1'),
(169, 2, 15, '9900011255172', 'PLATO HONDO ESTAMP. 20CM CERAMIC REF 6724-68', 'Unid', 100.000, 10.000, '1'),
(170, 2, 15, '9900011255264', 'PLATO HONDO LISO 18,5CM CERAMIC REF 6724-77', 'Unid', 100.000, 10.000, '1'),
(171, 2, 15, '9900011255134', 'PLATO HONDO LISO 21,5CM CERAMIC REF 6724-64', 'Unid', 100.000, 10.000, '1'),
(172, 2, 15, '9900011009850', 'PLATO LISO 10,5\'\' PORCELANA REF WJHP001', 'Unid', 100.000, 10.000, '1'),
(173, 2, 15, '9900011629461', 'PLATO PLAYO 22CM CERAMIC REF 66259-66261-225', 'Unid', 100.000, 10.000, '1'),
(174, 2, 15, '9900011629492', 'PLATO PLAYO LISO 23CM CERAMIC REF 66259-66261-228', 'Unid', 100.000, 10.000, '1'),
(175, 2, 15, '9900011254809', 'PLATO PLAYO LISO 25,5CM CERAMIC REF 6724-31', 'Unid', 100.000, 10.000, '1'),
(176, 2, 15, '9900011629409', 'PLATO PLAYO LISO 27CM CERAMIC REF 66259-66261-219', 'Unid', 100.000, 10.000, '1'),
(177, 2, 15, '9900011629485', 'PLATO PLAYO LISO 28,5CM CERAMIC REF 66259-66261-22', 'Unid', 100.000, 10.000, '1'),
(178, 2, 15, '9900011002486', 'PLATO PORCELANA 7,5\'\' PLAYO NANDUTI', 'Unid', 100.000, 10.000, '1'),
(179, 2, 15, '9900011002462', 'PLATO PORCELANA 9´´ PLAYO NANDUTI', 'Unid', 100.000, 10.000, '1'),
(180, 2, 15, '1898978188832', 'TAZA 9.5CM*10CM CERAMICA', 'Unid', 100.000, 10.000, '1'),
(181, 2, 15, '1898978251574', 'TAZA C/CORAZON 350ML CERAMICA E/CAJA REF 8105-003', 'Unid', 100.000, 10.000, '1'),
(182, 2, 15, '9900011217972', 'TAZA C/DISEÑO GATO 8X10,5CM CERAMICO REF 6724-6', 'Unid', 100.000, 10.000, '1'),
(183, 2, 15, '9900011217996', 'TAZA C/DISEÑO SURT 8X10,5CM CERAMICO REF 6724-8', 'Unid', 100.000, 10.000, '1'),
(184, 2, 17, '9900011184410', 'ADORNO NAVIDEÑO 30CM P/MESA REF 6941-8', 'Unid', 100.000, 10.000, '1'),
(185, 2, 17, '9900011184502', 'ADORNO NAVIDEÑO SURT 10CM P/ARBOL REF 6941-15', 'Unid', 100.000, 10.000, '1'),
(186, 2, 17, '9900011179874', 'BANDEJA NAVIDEÑA 15,5X17X3CM CERAMICA REF 66259-8', 'Unid', 100.000, 10.000, '1'),
(187, 2, 17, '9900011015661', 'CAMPANA DORADA  P/ARBOL NAVIDEÑO 4,5X5CM REF JQ-WF', 'Unid', 100.000, 10.000, '1'),
(188, 2, 17, '9900011260251', 'CINTA NAVIDEÑA 6,3CMX2,7M REF 217-56', 'Unid', 100.000, 10.000, '1'),
(189, 2, 17, '9900011187978', 'ESFERA DECORATIVA C/DISEÑO 4.5*6.5CM REF', 'Unid', 100.000, 10.000, '1'),
(190, 2, 17, '9900011187961', 'ESFERA DECORATIVA C/DISEÑO 6,5*9CM REF 7245-5', 'Unid', 100.000, 10.000, '1'),
(191, 2, 17, '9900011220354', 'ESTRELLA C/PORTA FOTO P/ARBOL REF 9138-4', 'Unid', 100.000, 10.000, '1'),
(192, 2, 17, '9900011220385', 'GLOBO C/PORTA FOTO 8CM P/ARBOL REF 9138-7', 'Unid', 100.000, 10.000, '1'),
(193, 2, 17, '9900011220330', 'GLOBO C/PORTA FOTO P/ARBOL 9CM REF 9138-2', 'Unid', 100.000, 10.000, '1'),
(194, 2, 17, '6952089201837', 'LUZ NAVIDEÑA 300L LED 14,9MTS CALIDO S/CONECT REF', 'Unid', 100.000, 10.000, '1'),
(195, 2, 17, '9900010923775', 'LUZ NAVIDEÑA LLUVIA LED 300 L BCO FRIO C/CONTROL', 'Unid', 100.000, 10.000, '1'),
(196, 2, 17, '9900011262842', 'MEDIA NAVIDEÑA P/PUERTA 30CM RER MT5206', 'Unid', 100.000, 10.000, '1'),
(197, 2, 17, '9900011163743', 'MOÑO NAVIDEÑO 25X28CM P/ARBOL REF 217-45', 'Unid', 100.000, 10.000, '1'),
(198, 2, 17, '9900011163705', 'MOÑO NAVIDEÑO 28X29CM P/ARBOL REF 217-41', 'Unid', 100.000, 10.000, '1'),
(199, 2, 17, '9900011190077', 'PLANTA ARTIFICIAL D/PINO NAVIDEÑO 69CM REF', 'Unid', 100.000, 10.000, '1'),
(200, 2, 17, '9900011158381', 'VELA AROMATICA 5X10CM REF', 'Unid', 100.000, 10.000, '1'),
(201, 3, 18, '70609', 'FILET DE PECHUGA PECHUGON X KG REF 929', 'Kl', 100.000, 10.000, '1'),
(202, 3, 18, '70550', 'MOLLEJA FRESCA PECHUGON X KG REF 776', 'Kl', 100.000, 10.000, '1'),
(203, 3, 18, '9289', 'MUSLO ENTERO PECHUGON CONG. X KG', 'Kl', 100.000, 10.000, '1'),
(204, 3, 18, '70513', 'MUSLO FRESCO PECHUGON KG', 'Kl', 100.000, 10.000, '1'),
(205, 3, 18, '9391', 'PECHUGA CONG.PECHUGON 0,830GR REF 274', 'Kl', 100.000, 10.000, '1'),
(206, 3, 18, '7840369041206', 'PECHUGON CUBITOS DE PECHUGA IQF', 'Unid', 100.000, 10.000, '1'),
(207, 3, 18, '642649', 'PECHUGON IQF FILET DE PECHUGA CONGELADAS X PAQ.', 'Unid', 100.000, 10.000, '1'),
(208, 3, 18, '7840369040919', 'PECHUGON IQF LOMITOS DE PECHUGA CONGELADAS X PAQ.', 'Unid', 100.000, 10.000, '1'),
(209, 3, 18, '70233', 'PECHUGON MILANESA DE POLLO CONG.C/C', 'Unid', 100.000, 10.000, '1'),
(210, 3, 18, '70610', 'PECHUGON MUSLITO ALA X KL.REF.768', 'Kl', 100.000, 10.000, '1'),
(211, 3, 18, '70614', 'PECHUGON MUSLO ESPECIAL ENTERO X KL.', 'Kl', 100.000, 10.000, '1'),
(212, 3, 18, '70612', 'PECHUGON PECHUGA DESH. S/PIEL X KL.REF.629', 'Kl', 100.000, 10.000, '1'),
(213, 3, 18, '71002', 'PECHUGON POLLO COND. AL LIMON Y ESPECIAS FRESCO', 'Kl', 100.000, 10.000, '1'),
(214, 3, 18, '71327', 'PECHUGON POLLO COND. FINAS HIERBAS CONG. REF. 1372', 'Kl', 100.000, 10.000, '1'),
(215, 3, 19, '75650', 'BIFE DE CHORIZO COND.UPISA  E/V', 'Kl', 100.000, 10.000, '1'),
(216, 3, 19, '71452', 'BONDIOLA DE CERDO X KG.', 'Kl', 100.000, 10.000, '1'),
(217, 3, 19, '70641', 'LOMITO DE CERDO X KL', 'Kl', 100.000, 10.000, '1'),
(218, 3, 19, '75648', 'LOMO  DE CERDO CONDIMEN. UPISA  X KG', 'Kl', 100.000, 10.000, '1'),
(219, 3, 19, '89471', 'MATAMBRITO  COND.UPISA  X KILO', 'Kl', 100.000, 10.000, '1'),
(220, 3, 19, '8800010720873', 'MATAMBRITO GUARANI CONDIMENTADO X KG.', 'Kl', 100.000, 10.000, '1'),
(221, 3, 20, '73258', 'ASADITO NEULAND EV X KG', 'Kl', 100.000, 10.000, '1'),
(222, 3, 20, '75021', 'BIFE DE CHORIZO FRIGOCHACO EV X KG', 'Kl', 100.000, 10.000, '1'),
(223, 3, 20, '70001', 'CARACÚ NEULAND ENV X KG', 'Kl', 100.000, 10.000, '1'),
(224, 3, 20, '70002', 'CARACÚ PARRILLERO NEULAND ENV X KG', 'Kl', 100.000, 10.000, '1'),
(225, 3, 20, '7042', 'CARNAZA DE 2DA X KG', 'Kl', 100.000, 10.000, '1'),
(226, 3, 20, '771500', 'CARNE EN CUBOS IQF 800 GR CONCEPCION', 'Unid', 100.000, 10.000, '1'),
(227, 3, 20, '70104', 'CARNE MOLIDA 1RA X KG', 'Kl', 100.000, 10.000, '1'),
(228, 3, 20, '70103', 'CARNE MOLIDA 2DA  X KG', 'Kl', 100.000, 10.000, '1'),
(229, 3, 20, '7840699002250', 'CARNE MOLIDA EFEGE 450GR', 'Unid', 100.000, 10.000, '1'),
(230, 3, 20, '7840699002243', 'CARNE MOLIDA GUARANI PREMIUM 450GR', 'Unid', 100.000, 10.000, '1'),
(231, 3, 20, '7840606002298', 'CARNE MOLIDA NEULAND ESPECIAL 450GR', 'Unid', 100.000, 10.000, '1'),
(232, 3, 20, '7840606002304', 'CARNE MOLIDA NEULAND POPULAR 500GR', 'Unid', 100.000, 10.000, '1'),
(233, 3, 20, '7120', 'CARNE VACUNA MOLIDA POPULAR   X UN', 'Unid', 100.000, 10.000, '1'),
(234, 3, 20, '71473', 'COLITA CUADRIL CHORTI E.V. X KG', 'Kl', 100.000, 10.000, '1'),
(235, 3, 21, '8410053150379', 'ANILLA POTA SILOMAR (AROS DE CALAMAR)1 KG.', 'Unid', 100.000, 10.000, '1'),
(236, 3, 21, '71048', 'BOGA X KILO', 'Kl', 100.000, 10.000, '1'),
(237, 3, 21, '72000', 'CARIMBATA X KG.', 'Kl', 100.000, 10.000, '1'),
(238, 3, 21, '43725', 'FILET SALMON SILOMAR KETA ENT. 700/1200 1 KG', 'Kl', 100.000, 10.000, '1'),
(239, 3, 21, '72001', 'MANDI I X KILO', 'Kl', 100.000, 10.000, '1'),
(240, 3, 21, '8410053154964', 'PANGA SILOMAR IQF 170/220 800GR', 'Unid', 100.000, 10.000, '1'),
(241, 3, 21, '8410053151840', 'PREPARADO PAELLA SILOMAR (MEZCLA DE MARISCOS) 1 KG', 'Unid', 100.000, 10.000, '1'),
(242, 3, 21, '96793', 'SURUBI EN RODAJAS NOELIA  E.V. X KG', 'Kl', 100.000, 10.000, '1'),
(243, 4, 22, '75120', 'ALFAJOR ARETE X KG', 'Kl', 100.000, 10.000, '1'),
(244, 4, 22, '80032', 'ALFAJOR BAÑADO.', 'Unid', 100.000, 10.000, '1'),
(245, 4, 22, '8059', 'ALFAJOR DE MAIZENA GRANDE X UN', 'Unid', 100.000, 10.000, '1'),
(246, 4, 22, '30793', 'ALFAJOR DE MAIZENA PEQUEÑO', 'Kl', 100.000, 10.000, '1'),
(247, 4, 22, '87754', 'ALFAJOR TRIPLE', 'Unid', 100.000, 10.000, '1'),
(248, 4, 22, '8030', 'BIZCOCHUELO', 'Kl', 100.000, 10.000, '1'),
(249, 4, 22, '88726', 'BOLLITOS DULCES.', 'Kl', 100.000, 10.000, '1'),
(250, 4, 22, '80128', 'BUDIN DE COCO', 'Kl', 100.000, 10.000, '1'),
(251, 4, 22, '8004', 'BUDIN DE NARANJA XKG', 'Kl', 100.000, 10.000, '1'),
(252, 4, 22, '80039', 'BUDIN MARMOLADO XKILO', 'Kl', 100.000, 10.000, '1'),
(253, 4, 22, '30760', 'CARACOL DE CANELA ARETE X UN', 'Unid', 100.000, 10.000, '1'),
(254, 4, 22, '11798', 'CARROT CAKE X KG', 'Kl', 100.000, 10.000, '1'),
(255, 4, 22, '30742', 'GALLETITA DE LIMON XKG', 'Kl', 100.000, 10.000, '1'),
(256, 4, 22, '30743', 'GALLETITA DE NARANJA XKG', 'Kl', 100.000, 10.000, '1'),
(257, 4, 22, '8049', 'MASITAS SURTIDAS', 'Kl', 100.000, 10.000, '1'),
(258, 4, 22, '8390', 'MEDIALUNA C/ RELLENO ARETE X KG”', 'Kl', 100.000, 10.000, '1'),
(259, 4, 22, '3082', 'MEDIALUNA S/ RELLENO ARETE X KG', 'Kl', 100.000, 10.000, '1'),
(260, 4, 22, '8015', 'PASTAFROLA CON DULCE DE GUAYABA', 'Kl', 100.000, 10.000, '1'),
(261, 4, 22, '8931', 'PASTAFROLA CON DULCE DE LECHE', 'Kl', 100.000, 10.000, '1'),
(262, 4, 22, '81658', 'PASTAFROLA CON FRUTILLA', 'Kl', 100.000, 10.000, '1'),
(263, 5, 23, '90699', 'ALMENDRA SIN CASCARA', 'Kl', 100.000, 10.000, '1'),
(264, 5, 23, '9057', 'BANANA DE ORO X KL', 'Kl', 100.000, 10.000, '1'),
(265, 5, 23, '9023', 'BANANA KARAPE X KL', 'Kl', 100.000, 10.000, '1'),
(266, 5, 23, '41017', 'CIRUELA SECA SIN SEMILLA', 'Kl', 100.000, 10.000, '1'),
(267, 5, 23, '9066', 'CIRUELA X KG', 'Kl', 100.000, 10.000, '1'),
(268, 5, 23, '90132', 'DURAZNO BRASILERO X KL', 'Kl', 100.000, 10.000, '1'),
(269, 5, 23, '90173', 'GUAYABA X KG', 'Kl', 100.000, 10.000, '1'),
(270, 5, 23, '9878', 'KAKI X KL.', 'Kl', 100.000, 10.000, '1'),
(271, 5, 23, '9099', 'KIWI X KG', 'Kl', 100.000, 10.000, '1'),
(272, 5, 23, '90137', 'LIMA DE PERSIA x KG', 'Kl', 100.000, 10.000, '1'),
(273, 5, 23, '90175', 'LIMON JAPONES X KILO', 'Kl', 100.000, 10.000, '1'),
(274, 5, 23, '13610', 'LIMON REAL X KILO', 'Kl', 100.000, 10.000, '1'),
(275, 5, 23, '9028', 'LIMON TAHITI NACIONAL X KG', 'Kl', 100.000, 10.000, '1'),
(276, 5, 23, '9024', 'MAMON CHICO BRASIL X KL', 'Kl', 100.000, 10.000, '1'),
(277, 5, 23, '9074', 'MAMON GRANDE FORM/BRASILERO.', 'Kl', 100.000, 10.000, '1'),
(278, 5, 23, '90474', 'MAMON NAC x KG', 'Kl', 100.000, 10.000, '1'),
(279, 5, 23, '90414', 'MANDARINA MURCOTT  X KG', 'Kl', 100.000, 10.000, '1'),
(280, 5, 23, '9069', 'MANGO BRASIL X KL.', 'Kl', 100.000, 10.000, '1'),
(281, 5, 23, '90510', 'MANZANA GRANDE X KG', 'Kl', 100.000, 10.000, '1'),
(282, 5, 23, '90152', 'MANZANA ROJA CHICA  X KG', 'Kl', 100.000, 10.000, '1'),
(283, 5, 24, '90031', 'ACELGA CHINA X UN', 'Unid', 100.000, 10.000, '1'),
(284, 5, 24, '90104', 'ACELGA JAPONES X KG', 'Kl', 100.000, 10.000, '1'),
(285, 5, 24, '9001', 'ACELGA MAZO X UN.', 'Unid', 100.000, 10.000, '1'),
(286, 5, 24, '62340', 'ACHICORIA X MAZO', 'Unid', 100.000, 10.000, '1'),
(287, 5, 24, '9010', 'AJI PICANTE ROJO X KG', 'Kl', 100.000, 10.000, '1'),
(288, 5, 24, '90377', 'AJO DESGRANADO X UN', 'Unid', 100.000, 10.000, '1'),
(289, 5, 24, '90379', 'AJO MALLA X 2 UN', 'Unid', 100.000, 10.000, '1'),
(290, 5, 24, '9029', 'AJO X UNIDAD.', 'Unid', 100.000, 10.000, '1'),
(291, 5, 24, '91750', 'ALBAHACA MORADA X MAZO', 'Unid', 100.000, 10.000, '1'),
(292, 5, 24, '9021', 'ALBAHACA X UN', 'Unid', 100.000, 10.000, '1'),
(293, 5, 24, '9016', 'APIO.', 'Unid', 100.000, 10.000, '1'),
(294, 5, 24, '90206', 'BATATA ROJA X  KILO.', 'Kl', 100.000, 10.000, '1'),
(295, 5, 24, '9055', 'BERENJENA XKG', 'Kl', 100.000, 10.000, '1'),
(296, 5, 24, '9022', 'BERRO X UN', 'Unid', 100.000, 10.000, '1'),
(297, 5, 24, '90383', 'BROCOLI X KG', 'Kl', 100.000, 10.000, '1'),
(298, 5, 24, '90916', 'BROTE DE ALFALFA X UN', 'Unid', 100.000, 10.000, '1'),
(299, 5, 24, '90207', 'BROTE DE SOJA EMPAQUETADO X UN', 'Unid', 100.000, 10.000, '1'),
(300, 5, 24, '90007', 'CALABACITA X KL.', 'Kl', 100.000, 10.000, '1'),
(301, 5, 24, '9068', 'CALABAZA  X KILO', 'Kl', 100.000, 10.000, '1'),
(302, 5, 24, '90154', 'CEBOLLA MORADA X KILO', 'Kl', 100.000, 10.000, '1'),
(303, 6, 25, '7896691104492', 'BEBIDA LACTEA CAROLINA ACAI C/BANANA BOTELLA 150GR', 'Unid', 100.000, 10.000, '1'),
(304, 6, 25, '7896691104515', 'BEBIDA LACTEA CAROLINA ACAI C/FRUTILLA BOT. 150GR.', 'Unid', 100.000, 10.000, '1'),
(305, 6, 25, '7896691104508', 'BEBIDA LACTEA CAROLINA ACAI C/FRUTILLA BOT. 800ML', 'Unid', 100.000, 10.000, '1'),
(306, 6, 25, '7896691103129', 'BEBIDA LACTEA CAROLINA COCO BOTELLA 150GR.', 'Unid', 100.000, 10.000, '1'),
(307, 6, 25, '7896691103211', 'BEBIDA LACTEA CAROLINA COCO BOTELLA 800ML', 'Unid', 100.000, 10.000, '1'),
(308, 6, 25, '7896691103471', 'BEBIDA LACTEA CAROLINA FRUT/CONF. MIX CHOCO 125GR', 'Unid', 100.000, 10.000, '1'),
(309, 6, 25, '7896691103006', 'BEBIDA LACTEA CAROLINA FRUT/CONFITES CHOCO 125GR', 'Unid', 100.000, 10.000, '1'),
(310, 6, 25, '7896691103013', 'BEBIDA LACTEA CAROLINA FRUTILLA/CONFITES 125GR', 'Unid', 100.000, 10.000, '1'),
(311, 6, 25, '7840005014045', 'BEBIDA LACTEA COOP LARGA VIDA 1L', 'Unid', 100.000, 10.000, '1'),
(312, 6, 25, '7840042000315', 'BEBIDA LACTEA SOM BERG SACHET ULTRA 1L', 'Unid', 100.000, 10.000, '1'),
(313, 6, 25, '746515', 'BEBIDA LACTEA TAMBO BLANCO ULTRA 1 LT', 'Unid', 100.000, 10.000, '1'),
(314, 6, 25, '7840042000131', 'BEBIDA SOM BERG LACTEA UAT 1L', 'Unid', 100.000, 10.000, '1'),
(315, 6, 26, '7613035764552', 'CREMA DE LECHE  NESTLE UHT MP 200 GRS', 'Unid', 100.000, 10.000, '1'),
(316, 6, 26, '7840042003019', 'CREMA DE LECHE LACTOLANDA SACHET 1L', 'Unid', 100.000, 10.000, '1'),
(317, 6, 26, '7840042003026', 'CREMA DE LECHE LACTOLANDA SACHET 500ML', 'Unid', 100.000, 10.000, '1'),
(318, 6, 26, '7840042003033', 'CREMA DE LECHE LACTOLANDA UAT 200GR', 'Unid', 100.000, 10.000, '1'),
(319, 6, 26, '7891000253182', 'CREMA DE LECHE NESTLE  ZERO LACTOSA 200GR', 'Unid', 100.000, 10.000, '1'),
(320, 6, 26, '7891000120101', 'CREMA DE LECHE NESTLE 300 GR.', 'Unid', 100.000, 10.000, '1'),
(321, 6, 26, '7891000126905', 'CREMA DE LECHE NESTLE UHT 200GR', 'Unid', 100.000, 10.000, '1'),
(322, 6, 26, '7898686950565', 'CREMA DE LECHE NOT CREAM 200GR', 'Unid', 100.000, 10.000, '1'),
(323, 6, 26, '7840006202892', 'CREMA DE LECHE PARMALAT  UHT 200CC', 'Unid', 100.000, 10.000, '1'),
(324, 6, 26, '7840006203516', 'CREMA DE LECHE PARMALAT LIGHT 200ML', 'Unid', 100.000, 10.000, '1'),
(325, 6, 26, '7896183201159', 'CREMA DE LECHE QUATA 200ML', 'Unid', 100.000, 10.000, '1'),
(326, 6, 26, '7896183201395', 'CREMA QUATA RICOTA LIGHT 150GR', 'Unid', 100.000, 10.000, '1'),
(327, 6, 26, '7840037001075', 'LOS COLONOS CREMA DE LECHE 350GR', 'Unid', 100.000, 10.000, '1'),
(328, 6, 26, '7840037001389', 'LOS COLONOS CREMA DE LECHE POTE X 200 GR', 'Unid', 100.000, 10.000, '1'),
(329, 6, 26, '7840006204360', 'PACK PARMALAT 2 CREMAS DE LECHE UHT 200GR', 'Unid', 100.000, 10.000, '1'),
(330, 6, 26, '7840005000352', 'TREBOL CREMA DE LECHE X 1L', 'Unid', 100.000, 10.000, '1'),
(331, 6, 27, '7898215157113', 'BEBIDA DE ALMENDRA BLUE DIAMOND CHOCOLATE 1L', 'Unid', 100.000, 10.000, '1'),
(332, 6, 27, '7898215157106', 'BEBIDA DE ALMENDRA BLUE DIAMOND ORIGINAL 1L', 'Unid', 100.000, 10.000, '1'),
(333, 6, 27, '7898215157175', 'BEBIDA DE ALMENDRA BLUE DIAMOND ORIGINAL S/ A 1L', 'Unid', 100.000, 10.000, '1'),
(334, 6, 27, '7898215157120', 'BEBIDA DE ALMENDRA BLUE DIAMOND VAINILLA 1LI', 'Unid', 100.000, 10.000, '1'),
(335, 6, 27, '7804671930252', 'BEBIDA DE ALMENDRAS VILAY CHOCOLATE 1 LT', 'Unid', 100.000, 10.000, '1'),
(336, 6, 27, '7804671930238', 'BEBIDA DE ALMENDRAS VILAY ORIGINAL 1 LT', 'Unid', 100.000, 10.000, '1'),
(337, 6, 27, '7804671930320', 'BEBIDA DE ALMENDRAS VILAY ORIGINAL 200 ML', 'Unid', 100.000, 10.000, '1'),
(338, 6, 27, '7804671930245', 'BEBIDA DE ALMENDRAS VILAY S/AZUCAR 1 LT', 'Unid', 100.000, 10.000, '1'),
(339, 6, 27, '7804671930337', 'BEBIDA DE ALMENDRAS VILAY VAINILLA 200 ML', 'Unid', 100.000, 10.000, '1'),
(340, 6, 27, '7804671930276', 'BEBIDA DE ARROZ ORIGINAL 1 LT VILAY', 'Unid', 100.000, 10.000, '1'),
(341, 6, 27, '7804671930344', 'BEBIDA DE ARROZ VILAY CHOCOLATE 200 ML', 'Unid', 100.000, 10.000, '1'),
(342, 6, 27, '7804671930313', 'BEBIDA DE COCO VILAY CHOCOLATE 1 LT', 'Unid', 100.000, 10.000, '1'),
(343, 6, 27, '7804671930290', 'BEBIDA DE COCO VILAY ORIGINAL 1 LT', 'Unid', 100.000, 10.000, '1'),
(344, 6, 27, '7804671930306', 'BEBIDA DE COCO VILAY S/ AZUCAR 1 LT', 'Unid', 100.000, 10.000, '1'),
(345, 6, 27, '7790742340108', 'BEBIDA VEGETAL LA SERENISIMA ALMENDRAS 1LT', 'Unid', 100.000, 10.000, '1'),
(346, 6, 27, '7898994972112', 'BEBIDA VEGETAL NAVEIA  AVENA BARISTA 1L', 'Unid', 100.000, 10.000, '1'),
(347, 6, 27, '7898994972105', 'BEBIDA VEGETAL NAVEIA AVENA ORIGINAL 1L', 'Unid', 100.000, 10.000, '1'),
(348, 6, 27, '7840976000016', 'LECHE DE CABRA ISABELLA X 1 LT', 'Unid', 100.000, 10.000, '1'),
(349, 6, 27, '7898905356154', 'LECHE DE COCO  9% 500ML', 'Unid', 100.000, 10.000, '1'),
(350, 6, 27, '7898370100023', 'LECHE DE COCO DO VALE 200 ML', 'Unid', 100.000, 10.000, '1'),
(351, 6, 28, '7891000108277', 'LECHE CONDENSADA MOCA 39 GR.', 'Unid', 100.000, 10.000, '1'),
(352, 6, 28, '7891030000138', 'LECHE CONDENSADA MOCOCA LATA 395GR', 'Unid', 100.000, 10.000, '1'),
(353, 6, 28, '7891000065440', 'LECHE CONDENSADA MOKA TETRA PACK  395GR.', 'Unid', 100.000, 10.000, '1'),
(354, 6, 28, '7891097101427', 'LECHE CONDENSADA PARMALAT 395GR', 'Unid', 100.000, 10.000, '1'),
(355, 6, 28, '7896051116592', 'LECHE CONDENSADA PRIMICIA 395G', 'Unid', 100.000, 10.000, '1'),
(356, 6, 28, '7840029000277', 'NORTE LECHE CONDENSADA 395 GR *24', 'Unid', 100.000, 10.000, '1'),
(357, 6, 28, '7840029872294', 'NORTE LECHE CONDENSADA TETRA 27*395GR', 'Unid', 100.000, 10.000, '1'),
(358, 6, 29, '7840030002468', 'BEBIDA LACTEA CHOCOLATADA LA PRADERA SACHET 1 LT', 'Unid', 100.000, 10.000, '1'),
(359, 6, 29, '7840042002500', 'BEBIDA LACTEA LACTOLANDA CHOCOLATADA 1L', 'Unid', 100.000, 10.000, '1'),
(360, 6, 29, '7840042002548', 'BEBIDA LACTEA LACTOLANDA CHOCOLATADA 500ML', 'Unid', 100.000, 10.000, '1'),
(361, 6, 29, '7840042002517', 'BEBIDA LACTEA LACTOLANDA CHOCOLATADA UAT 200ML', 'Unid', 100.000, 10.000, '1'),
(362, 6, 29, '7891000110829', 'CAFE NESCAFE BEBIDA BOTELLA 270ML', 'Unid', 100.000, 10.000, '1'),
(363, 6, 29, '7840006204797', 'CHOCOLATADA SAN LOREN PAW PATROL 1LT', 'Unid', 100.000, 10.000, '1'),
(364, 6, 29, '7840005000062', 'CHOCOLATADA TREBOL TREBOLIN 200ML', 'Unid', 100.000, 10.000, '1'),
(365, 6, 29, '7793913001990', 'LECHE  CHOCOLATADA UAT  TREGAR 1 LT', 'Unid', 100.000, 10.000, '1'),
(366, 6, 29, '7790787172566', 'LECHE CHOCOLATADA ILOLAY CON VITAMINAS UAT 1L.', 'Unid', 100.000, 10.000, '1'),
(367, 6, 29, '7790787002672', 'LECHE CHOCOLATADA ILOLAY CON VITAMINAS UAT 200ML.', 'Unid', 100.000, 10.000, '1'),
(368, 6, 29, '7840006163018', 'LECHE CHOCOLATADA PARMALAT  UHT 1 LT', 'Unid', 100.000, 10.000, '1'),
(369, 6, 29, '7840006163025', 'LECHE CHOCOLATADA PARMALAT UHT 200 ML.', 'Unid', 100.000, 10.000, '1'),
(370, 6, 29, '7802920008141', 'LECHE CON CAFE LIGHT SABOR CAPUCHINO', 'Unid', 100.000, 10.000, '1'),
(371, 6, 29, '7802920008158', 'LECHE CON CAFE LIGHT SABOR CARAMELO 330CC', 'Unid', 100.000, 10.000, '1'),
(372, 6, 29, '7802920008110', 'LECHE CON CAFE SEMIDESCREMADO SABOR CAPUCHINO 330C', 'Unid', 100.000, 10.000, '1'),
(373, 6, 29, '7802920008127', 'LECHE CON CAFE SEMIDESCREMADO SABOR CARAMELO 330ML', 'Unid', 100.000, 10.000, '1'),
(374, 6, 29, '7840037014211', 'LOS COLONOS CHOCOLATADA UHT X 1LT.', 'Unid', 100.000, 10.000, '1'),
(375, 6, 29, '7840037014228', 'LOS COLONOS CHOCOLATADA UHT X 200ML', 'Unid', 100.000, 10.000, '1'),
(376, 6, 30, '7840006161014', 'LECHE ENTERA PARMALAT LV CON VIT.D 1 LT', 'Unid', 100.000, 10.000, '1'),
(377, 6, 30, '7840042000421', 'LECHE LACTOLANDA SEMIDESCREMADA C/CALCIO 1L', 'Unid', 100.000, 10.000, '1'),
(378, 6, 30, '7840030002147', 'LECHE SACHET ULTRAPASTEURIZ. 1LT LA PRADERA', 'Unid', 100.000, 10.000, '1'),
(379, 6, 30, '7790742363008', 'LECHE UAT ENTERA 1L LA SERENISIMA.', 'Unid', 100.000, 10.000, '1'),
(380, 6, 30, '7840006201529', 'BEBIDA LACTEA SAN LOREN ULTRAPASTEURIZADA 1 LT', 'Unid', 100.000, 10.000, '1'),
(381, 6, 30, '7840005011174', 'FAMLAC LECHE ENTERA TETRA 1 LT', 'Unid', 100.000, 10.000, '1'),
(382, 6, 30, '7840005012904', 'FAMLAC LECHE LARGA VIDA 500CC', 'Unid', 100.000, 10.000, '1'),
(383, 6, 30, '7840037000917', 'LECHE  SEMIDES.S/LACTOSA LV 1 LT.LOS COLONOS', 'Unid', 100.000, 10.000, '1'),
(384, 6, 30, '14785', 'LECHE CRECIMIENTO UHT 200 ML LOS COLONOS', 'Unid', 100.000, 10.000, '1'),
(385, 6, 30, '02161', 'LECHE DESCREM .ULTRA  SACHET 1 LT LA PRADERA', 'Unid', 100.000, 10.000, '1'),
(386, 6, 30, '7840037001310', 'LECHE DESCREM. 1 LT LOS COLONOS', 'Unid', 100.000, 10.000, '1'),
(387, 6, 30, '7840031120000', 'LECHE DESCREM. DOÑA ANGELA SACHET  1 LT', 'Unid', 100.000, 10.000, '1'),
(388, 6, 30, '7840006204834', 'LECHE DESCREMADA PARMALAT UHT ZYMIL SIN LACTOSA 1L', 'Unid', 100.000, 10.000, '1'),
(389, 6, 30, '7840031110001', 'LECHE DOÑA ANGELA SACHET 1  LT.', 'Unid', 100.000, 10.000, '1'),
(390, 6, 30, '7840037001204', 'LECHE ENTERA 1LT LOS COLONOS', 'Unid', 100.000, 10.000, '1'),
(391, 6, 30, '7840005013710', 'LECHE ENTERA SACHET COOP 1 LT', 'Unid', 100.000, 10.000, '1'),
(392, 6, 30, '7790742335807', 'LECHE LA SERENISIMA CON HIERRO BOTELLA 1LT', 'Unid', 100.000, 10.000, '1'),
(393, 6, 30, '7790742333605', 'LECHE LA SERENISIMA DESLACTOSADA EN BOTELLA 1LT.', 'Unid', 100.000, 10.000, '1'),
(394, 6, 30, '7840042000384', 'LECHE LACTOLANDA CRECIMIENTO UAT 1L', 'Unid', 100.000, 10.000, '1'),
(395, 6, 30, '7840042000391', 'LECHE LACTOLANDA CRECIMIENTO UAT 200ML', 'Unid', 100.000, 10.000, '1'),
(396, 6, 31, '7840030002505', 'ARROZ CON LECHE LA PRADERA POTE 200GR', 'Unid', 100.000, 10.000, '1'),
(397, 6, 31, '7840031140107', 'DOÑA ANGELA ARROZ C/LECHE  200 GR.', 'Unid', 100.000, 10.000, '1'),
(398, 6, 31, '7840031105007', 'DOÑA ANGELA FLAN  130 GR.', 'Unid', 100.000, 10.000, '1'),
(399, 6, 31, '7840042101746', 'FLAN LACTOLANDA POTE DE 140GR.', 'Unid', 100.000, 10.000, '1'),
(400, 6, 31, '7840005002011', 'FLAN TREBOL X 140GR', 'Unid', 100.000, 10.000, '1'),
(401, 6, 31, '7840006201550', 'GELATINA  KIDS PARMALAT  CHICLE TUTTI-FRUTTI', 'Unid', 100.000, 10.000, '1'),
(402, 6, 31, '7840005013789', 'GELATINA COOP SABOR  FRUTILLA 120GR', 'Unid', 100.000, 10.000, '1'),
(403, 6, 31, '7840005013796', 'GELATINA COOP SABOR  NARANJA 120GR', 'Unid', 100.000, 10.000, '1'),
(404, 6, 31, '7840005013772', 'GELATINA COOP SABOR UVA 120GR', 'Unid', 100.000, 10.000, '1'),
(405, 6, 31, '7840030002376', 'GELATINA DIET MANZANA VERDE  LA PRADERA 140GR', 'Unid', 100.000, 10.000, '1'),
(406, 6, 31, '7840030002369', 'GELATINA DIET.FRUTILLA LA PRADERA 140GR', 'Unid', 100.000, 10.000, '1'),
(407, 6, 31, '7412896', 'GELATINA DIETETICO  DIETALAT MANZANA VERDE  180GR', 'Unid', 100.000, 10.000, '1'),
(408, 6, 31, '7840006201680', 'GELATINA DIETETICO DIETALAT  FRUTILLA 350CC', 'Unid', 100.000, 10.000, '1'),
(409, 6, 31, '7840006201697', 'GELATINA DIETETICO DIETALAT NARANJA 50CC', 'Unid', 100.000, 10.000, '1'),
(410, 6, 31, '7840006201253', 'GELATINA KIDS  PARMALAT DE FRUTILLA 125 GR', 'Unid', 100.000, 10.000, '1'),
(411, 6, 31, '7840006201246', 'GELATINA KIDS  PARMALAT SABOR  UVA *125GR', 'Unid', 100.000, 10.000, '1'),
(412, 6, 31, '7840030002932', 'GELATINA LA PRADERA DIE NARANJA 180GR', 'Unid', 100.000, 10.000, '1'),
(413, 6, 31, '7840030002925', 'GELATINA LA PRADERA DIE UVA 180GR', 'Unid', 100.000, 10.000, '1'),
(414, 6, 31, '7840037003178', 'GELATINA LOS COLONOS ARANDANO POTE 110GR', 'Unid', 100.000, 10.000, '1'),
(415, 6, 31, '7840037003161', 'GELATINA LOS COLONOS FRUTILLA POTE 110GR', 'Unid', 100.000, 10.000, '1'),
(416, 6, 32, '7840042110656', 'BEBIDA LACTEA YOGULAC CITRUS EN SACHET DE 1L.', 'Unid', 100.000, 10.000, '1'),
(417, 6, 32, '7840042110632', 'BEBIDA LACTEA YOGULAC CITRUS POTE DE 140GR.', 'Unid', 100.000, 10.000, '1'),
(418, 6, 32, '7840042110649', 'BEBIDA LACTEA YOGULAC CITRUS POTE DE 350GR.', 'Unid', 100.000, 10.000, '1'),
(419, 6, 32, '7840042102651', 'BEBIDA LACTEA YOGULAC COCO EN SACHET DE 1L.', 'Unid', 100.000, 10.000, '1'),
(420, 6, 32, '7840042102637', 'BEBIDA LACTEA YOGULAC COCO POTE DE 140GR.', 'Unid', 100.000, 10.000, '1'),
(421, 6, 32, '7840042102644', 'BEBIDA LACTEA YOGULAC COCO POTE DE 350GR.', 'Unid', 100.000, 10.000, '1'),
(422, 6, 32, '7840042103658', 'BEBIDA LACTEA YOGULAC DURAZNO EN SACHET DE 1L.', 'Unid', 100.000, 10.000, '1'),
(423, 6, 32, '7840042103634', 'BEBIDA LACTEA YOGULAC DURAZNO POTE DE 140GR.', 'Unid', 100.000, 10.000, '1'),
(424, 6, 32, '7840042103641', 'BEBIDA LACTEA YOGULAC DURAZNO POTE DE 350GR.', 'Unid', 100.000, 10.000, '1'),
(425, 6, 32, '7840042100657', 'BEBIDA LACTEA YOGULAC FRUTILLA EN SACHET DE 1L.', 'Unid', 100.000, 10.000, '1'),
(426, 6, 32, '7840042100633', 'BEBIDA LACTEA YOGULAC FRUTILLA POTE DE 140GR.', 'Unid', 100.000, 10.000, '1'),
(427, 6, 32, '7840042100640', 'BEBIDA LACTEA YOGULAC FRUTILLA POTE DE 350GR.', 'Unid', 100.000, 10.000, '1'),
(428, 6, 32, '7840042101654', 'BEBIDA LACTEA YOGULAC VAINILLA EN SACHET DE 1L.', 'Unid', 100.000, 10.000, '1'),
(429, 6, 32, '7840042101630', 'BEBIDA LACTEA YOGULAC VAINILLA POTE DE 140GR.', 'Unid', 100.000, 10.000, '1'),
(430, 6, 32, '7840042101647', 'BEBIDA LACTEA YOGULAC VAINILLA POTE DE 350GR.', 'Unid', 100.000, 10.000, '1'),
(431, 6, 32, '7896691101002', 'CAROLINA PETIT SUISSE FRUTILLA 320GR', 'Unid', 100.000, 10.000, '1'),
(432, 6, 32, '7896691102801', 'CAROLINA PETIT SUISSE FRUTILLA, MANZANA Y BANANA 3', 'Unid', 100.000, 10.000, '1'),
(433, 6, 32, '7840042103528', 'CEREAL C/ YOGUR CEREGURT LIGHT POTE DE 140GR.', 'Unid', 100.000, 10.000, '1'),
(434, 6, 32, '7840042101524', 'CEREAL C/ YOGUR CEREGURT ÑANDU FRUIT RINGS 140GR.', 'Unid', 100.000, 10.000, '1'),
(435, 6, 32, '7840042102521', 'CEREAL C/ YOGUR CEREGURT TEDDY CHOCO BALLS 140GR.', 'Unid', 100.000, 10.000, '1'),
(436, 7, 33, '6086', 'CAÑONCITOS  CON QUESO X KG', 'Kl', 100.000, 10.000, '1'),
(437, 7, 33, '8265', 'CHIPA 4 QUESOS X KG.', 'Kl', 100.000, 10.000, '1'),
(438, 7, 33, '8057', 'CHIPA RELLENA QUESO X KG', 'Kl', 100.000, 10.000, '1'),
(439, 7, 33, '8014', 'CHIPA TRADICIONAL X KG', 'Kl', 100.000, 10.000, '1'),
(440, 7, 33, '80855', 'CHIPITAS PAQUITAS', 'Kl', 100.000, 10.000, '1'),
(441, 7, 33, '8005', 'GALLETA C/ANIS X KG.', 'Kl', 100.000, 10.000, '1'),
(442, 7, 33, '8011', 'GALLETA INTEGRAL X KG', 'Kl', 100.000, 10.000, '1'),
(443, 7, 33, '8008', 'GALLETA S/ANIS X KG', 'Kl', 100.000, 10.000, '1'),
(444, 7, 33, '80456', 'GALLETON BLANCO X KG.', 'Kl', 100.000, 10.000, '1'),
(445, 7, 33, '80424', 'GALLETON INTEGRAL X KG', 'Kl', 100.000, 10.000, '1'),
(446, 7, 33, '80685', 'GRISSON  BLANCO X KG', 'Kl', 100.000, 10.000, '1'),
(447, 7, 33, '8241', 'GRISSON C/QUESO X KG', 'Kl', 100.000, 10.000, '1'),
(448, 7, 33, '80739', 'GRISSON INTEGRAL X KG', 'Kl', 100.000, 10.000, '1'),
(449, 7, 33, '8096', 'KOKITIN BLANCO X KG', 'Kl', 100.000, 10.000, '1'),
(450, 7, 33, '8042', 'KOKITO  INTEGRAL X KG', 'Kl', 100.000, 10.000, '1'),
(451, 7, 33, '8097', 'KOKITO BLANCO X KG', 'Kl', 100.000, 10.000, '1'),
(452, 7, 33, '80982', 'KOKITO C/QUESO X KG', 'Kl', 100.000, 10.000, '1'),
(453, 7, 33, '91235', 'MASA P/ MBEJU MESTIZO X KG', 'Kl', 100.000, 10.000, '1'),
(454, 7, 33, '8020', 'MASA P/CHIPA X KG', 'Kl', 100.000, 10.000, '1'),
(455, 7, 34, '7891962060460', 'BAUDUCCO TOSTADA LIGHT 142gr', 'Unid', 100.000, 10.000, '1'),
(456, 7, 34, '7891962060477', 'BAUDUCCO TOSTADA MULTI GRANOS 142gr', 'Unid', 100.000, 10.000, '1'),
(457, 7, 34, '7891962055947', 'BUDIN BAUDUCCO C/GOTAS DE CHOCOLATE 200 GR', 'Unid', 100.000, 10.000, '1'),
(458, 7, 34, '7840131004491', 'BUDIN BIMBO VAINILLA CON CHIPS DE CHOCOLATE 200GR', 'Unid', 100.000, 10.000, '1'),
(459, 7, 34, '7896064203586', 'BUDIN SANTA EDWIGES CON GOTAS CHOCOLATE 200GR', 'Unid', 100.000, 10.000, '1'),
(460, 7, 34, '7896064203579', 'BUDIN SANTA EDWIGES MARMOLADA 200GR', 'Unid', 100.000, 10.000, '1'),
(461, 7, 34, '7896064205245', 'BUDIN SANTA EDWIGES NARANJA 200GR', 'Unid', 100.000, 10.000, '1'),
(462, 7, 34, '7898115900048', 'BUDIN SUAVIPAN LIGHT S/ ADIC.DE AZUCAR COCO 250 GR', 'Unid', 100.000, 10.000, '1'),
(463, 7, 34, '7898115900017', 'BUDIN SUAVIPAN LIGHT SIN ADIC. DE AZUCAR CHOCOLATE', 'Unid', 100.000, 10.000, '1'),
(464, 7, 34, '7841854000401', 'CHIPA D/ALMIDON JAJKARU 500 GR', 'Unid', 100.000, 10.000, '1'),
(465, 7, 34, '7840047000020', 'CHIPA PIRU HIJAS DE FELICIANA DE FARIÑA 125GR', 'Unid', 100.000, 10.000, '1'),
(466, 7, 34, '7840047000013', 'CHIPA PIRU HIJAS DE FELICIANA DE FARIÑA 250GR', 'Unid', 100.000, 10.000, '1'),
(467, 7, 34, '7841503001551', 'CHIPA PIRU LA LINDA 200 GR', 'Unid', 100.000, 10.000, '1'),
(468, 7, 34, '7841503001568', 'CHIPA PIRU LA LINDA 80 GR', 'Unid', 100.000, 10.000, '1'),
(469, 7, 34, '9112221307200', 'CHIPITA FIT BELITE 10 UNI', 'Unid', 100.000, 10.000, '1'),
(470, 7, 34, '7841282000011', 'CHIPITA ÑA EUSTAQUIA 100 GR', 'Unid', 100.000, 10.000, '1'),
(471, 7, 34, '7840581003006', 'COQUITO EL GERMANO 400 GR.', 'Unid', 100.000, 10.000, '1'),
(472, 7, 34, '7793890259490', 'GALLETITAS BIMBO VAINILLA 148G', 'Unid', 100.000, 10.000, '1'),
(473, 7, 34, '7793890260847', 'GALLETITAS BIMBO VAINILLA 74G', 'Unid', 100.000, 10.000, '1'),
(474, 8, 36, '50254', 'BASTON DE JAMON Y QUESO X UN', 'Unid', 100.000, 10.000, '1'),
(475, 8, 36, '8794', 'BATATA X KG', 'Kl', 100.000, 10.000, '1'),
(476, 8, 36, '8554', 'CALZONE MEDITERRANEO', 'Kl', 100.000, 10.000, '1'),
(477, 8, 36, '80985', 'CHIPA GUAZU X KG', 'Kl', 100.000, 10.000, '1'),
(478, 8, 36, '50244', 'CROISSANT DE CARNEX UN', 'Unid', 100.000, 10.000, '1'),
(479, 8, 36, '80623', 'CROISSANT DE JAMON Y QUESO X UN', 'Unid', 100.000, 10.000, '1'),
(480, 8, 36, '80624', 'CROISSANT PRIMAVERA X UN', 'Unid', 100.000, 10.000, '1'),
(481, 8, 36, '80998', 'CROQUETA DE CARNE', 'Unid', 100.000, 10.000, '1'),
(482, 8, 36, '8028', 'CROQUETA DE POLLO', 'Unid', 100.000, 10.000, '1'),
(483, 8, 36, '99835', 'EMP. CASERA PICANTE X UN.', 'Unid', 100.000, 10.000, '1'),
(484, 8, 36, '9304', 'EMPANADA   CAPRESSE', 'Unid', 100.000, 10.000, '1'),
(485, 8, 36, '80612', 'EMPANADA  DE CARNE AL HORNO X UN', 'Unid', 100.000, 10.000, '1'),
(486, 8, 36, '9305', 'EMPANADA  DE POLLO C/KATUPIRI  AL HORNO X UN', 'Unid', 100.000, 10.000, '1'),
(487, 8, 36, '8562', 'EMPANADA  POLLO AL CURRY AL HORNO X UN', 'Unid', 100.000, 10.000, '1'),
(488, 8, 36, '9307', 'EMPANADA  STROGONOFF DE POLLO AL HORNO X UN', 'Unid', 100.000, 10.000, '1'),
(489, 8, 36, '80641', 'EMPANADA CHILENA AL HORNO X UN', 'Unid', 100.000, 10.000, '1'),
(490, 8, 36, '80966', 'EMPANADA DE ACELGA AL HORNO X UN', 'Unid', 100.000, 10.000, '1'),
(491, 8, 36, '80212', 'EMPANADA DE CARNE FRITA  X UN', 'Unid', 100.000, 10.000, '1'),
(492, 8, 36, '82334', 'EMPANADA DE CHOCLO AL HORNO X UN', 'Unid', 100.000, 10.000, '1'),
(493, 8, 36, '8029', 'EMPANADA DE CHOCLO FRITA X UN', 'Unid', 100.000, 10.000, '1'),
(494, 9, 37, '7840113102054', 'ALBERDIN DISCO P/ HORNO 12.CM*', 'Unid', 100.000, 10.000, '1'),
(495, 9, 37, '7840113102023', 'ALBERDIN DISCO P/FREIR 12.CM*', 'Unid', 100.000, 10.000, '1'),
(496, 9, 37, '7840113102016', 'ALBERDIN DISCO P/FREIR 15.CM*', 'Unid', 100.000, 10.000, '1'),
(497, 9, 37, '7840113102047', 'ALBERDIN DISCO P/HORNO 15.CM*', 'Unid', 100.000, 10.000, '1'),
(498, 9, 37, '7840113103037', 'ALBERDIN FIDEO TALLARIN', 'Unid', 100.000, 10.000, '1'),
(499, 9, 37, '7840113103013', 'ALBERDIN FIDEOS VERMICHELI', 'Unid', 100.000, 10.000, '1'),
(500, 9, 37, '7840113101026', 'ALBERDIN MASA PASCUALINA GRANDE*', 'Unid', 100.000, 10.000, '1'),
(501, 9, 37, '7840113101071', 'ALBERDIN MASA PASCUALINA RECTANGULAR', 'Unid', 100.000, 10.000, '1'),
(502, 9, 37, '7840113101088', 'ALBERDIN MASA PASCUALINA SALVADO*', 'Unid', 100.000, 10.000, '1'),
(503, 9, 37, '5256067', 'ALBERDIN ÑOQUIS 500GR*', 'Unid', 100.000, 10.000, '1'),
(504, 9, 37, '7840113101064', 'ALBERDIN PASCUALINA CHICA..', 'Unid', 100.000, 10.000, '1'),
(505, 9, 37, '7840113201092', 'ALBERDIN RAVIOLITOS DE RICOTA Y QUESO X 500GR', 'Unid', 100.000, 10.000, '1'),
(506, 9, 37, '7791664001276', 'AMICI CAPELETIS CARNE 400GR', 'Unid', 100.000, 10.000, '1'),
(507, 9, 37, '7791664001283', 'AMICI ÑOQUIS 400GR', 'Unid', 100.000, 10.000, '1'),
(508, 9, 37, '7791664001252', 'AMICI RAVIOLES POLLO/ESPINADA 400GR', 'Unid', 100.000, 10.000, '1'),
(509, 9, 37, '7791652000823', 'BETTINI PASTA EN BOLSA RAVIOLES C/RICOTTA 1KG*8...', 'Unid', 100.000, 10.000, '1'),
(510, 9, 37, '7791652000281', 'BETTINI PASTA EN BOLSA RAVIOLES POLLO CARNE ESP.*8', 'Unid', 100.000, 10.000, '1'),
(511, 9, 37, '7791652022054', 'BETTINI RAVIOLES C/ CARNE 1K', 'Unid', 100.000, 10.000, '1'),
(512, 9, 37, '7840821002868', 'DISCO DE EMPANADA HILDEBRAND HORNO GRANDE 440GR', 'Unid', 100.000, 10.000, '1'),
(513, 9, 37, '7840821002844', 'DISCO DE EMPANADA HILDEBRAND P/ FREIR 320GR', 'Unid', 100.000, 10.000, '1'),
(514, 10, 38, '9900011187473', 'ADORNO  C/DISEÑO OSTRA P/TORTA 21CM REF 1712-25', 'Unid', 100.000, 10.000, '1'),
(515, 10, 38, '9900011187503', 'ADORNO C/DISEÑO P/TORTA 20CM REF 1712-28', 'Unid', 100.000, 10.000, '1'),
(516, 10, 38, '9900011187497', 'ADORNO C/MOÑO P/TORTA 20CM REF 1712-27', 'Unid', 100.000, 10.000, '1'),
(517, 10, 38, '9900011184625', 'ADORNO HALLOWEEN 20CM P/PUERTA REF 6941-3', 'Unid', 100.000, 10.000, '1'),
(518, 10, 38, '9900011184571', 'ADORNO HALLOWEEN 23CM P/PUERTA REF 6941-1', 'Unid', 100.000, 10.000, '1'),
(519, 10, 38, '9900011184588', 'ADORNO HALLOWEEN 28CM P/PUERTA REF 6941-2', 'Unid', 100.000, 10.000, '1'),
(520, 10, 38, '9900011184656', 'ADORNO HALLOWEEN 48CM P/PUERTA REF 6941-5', 'Unid', 100.000, 10.000, '1'),
(521, 10, 38, '9900011185660', 'ARAÑA 2PCS 21X13CM PLAST REF 1686-29', 'Unid', 100.000, 10.000, '1'),
(522, 10, 38, '9900011220279', 'ARAÑA 45CM D/PAPEL P/HALLOWEEN REF 6132-7', 'Unid', 100.000, 10.000, '1'),
(523, 10, 38, '7896040802970', 'BANDEJA ALUMINIO HORMAL P/FREZER 170X224 MM X4', 'Unid', 100.000, 10.000, '1'),
(524, 10, 38, '7896040802994', 'BANDEJA ALUMINIO HORMAL P/FREZER 184X278 MM X3', 'Unid', 100.000, 10.000, '1'),
(525, 10, 38, '7896040802963', 'BANDEJA ALUMINIO HORMAL P/FREZER120X160 MM X4', 'Unid', 100.000, 10.000, '1'),
(526, 10, 38, '7840263018106', 'BANDEJA ALUMINIO HORNAL S/TAPA 500 ML X4', 'Unid', 100.000, 10.000, '1'),
(527, 10, 38, '7840263018113', 'BANDEJA ALUMINIO HORNAL S/TAPA 750 ML X4', 'Unid', 100.000, 10.000, '1'),
(528, 10, 38, '7840263018175', 'BANDEJA ALUMINIO S/TAPA HORNAL 2000 ML X3', 'Unid', 100.000, 10.000, '1'),
(529, 10, 38, '9900011255752', 'BOLSA C/CIERRE MAGNET 15X22 PVC 10 UNI REF 107924A', 'Unid', 100.000, 10.000, '1');
INSERT INTO `productos` (`id`, `codCategoria`, `codSubCategoria`, `codigo`, `descripcion`, `tipo`, `stock_actual`, `stock_minimo`, `visible`) VALUES
(530, 10, 38, '9900011255745', 'BOLSA C/CIERRE MAGNET 15X22 PVC 10 UNIDREF 107924A', 'Unid', 100.000, 10.000, '1'),
(531, 10, 38, '9900011255783', 'BOLSA C/CIERRE MAGNET 16X24 10 UNI PVC REF 107924A', 'Unid', 100.000, 10.000, '1'),
(532, 10, 38, '9900011255738', 'BOLSA C/CIERRE MAGNET 18X21 PVC 10 UNIDA REF 10792', 'Unid', 100.000, 10.000, '1'),
(533, 10, 38, '9900011255776', 'BOLSA C/CIERRE MAGNET 20X19 10 UNI PVC REF 107924A', 'Unid', 100.000, 10.000, '1'),
(534, 11, 39, '9091', 'NARANJA NACIONAL X KL', 'Kl', 100.000, 10.000, '1'),
(535, 11, 39, '70104', 'CARNE MOLIDA 1RA X KG', 'Kl', 100.000, 10.000, '1'),
(536, 11, 39, '70103', 'CARNE MOLIDA 2DA X KG', 'Kl', 100.000, 10.000, '1'),
(537, 11, 39, '9053', 'LOCOTE AMARRILLO X KG', 'Kl', 100.000, 10.000, '1'),
(538, 11, 39, '9025', 'LOCOTE VERDE X KL', 'Kl', 100.000, 10.000, '1'),
(539, 11, 39, '60758', 'LOCOTE NARANJADO EL KILO', 'Kl', 100.000, 10.000, '1'),
(540, 11, 39, '90411', 'LOCOTE ROJO BRASIL X KG', 'Kl', 100.000, 10.000, '1'),
(541, 11, 39, '7840045019765', 'PICADILLO INDEGA LATA 90 GR', 'Unid', 100.000, 10.000, '1'),
(542, 12, 40, '8410660101153', 'VACIO X KG', 'Kl', 100.000, 10.000, '1'),
(543, 12, 40, 'thumb_7790199603078', 'enjuague ballerina', 'Unid', 100.000, 10.000, '1'),
(545, 12, 40, '7500435015950', 'naranja muestra', 'Kl', 100.000, 10.000, '1'),
(546, 1, 1, '123456', 'PRODUCTO 1', 'Unid', 100.000, 10.000, '1'),
(547, 1, 1, '1234567', 'PRODUCTO 2', 'Unid', 100.000, 10.000, '1');

-- --------------------------------------------------------

--
-- Estructura de tabla para la tabla `subcategorias`
--

CREATE TABLE `subcategorias` (
  `id` int(11) NOT NULL,
  `codCategoria` int(11) DEFAULT NULL,
  `descripcion` varchar(255) DEFAULT NULL,
  `visible` varchar(1) DEFAULT NULL
) ENGINE=InnoDB DEFAULT CHARSET=utf8mb4 COLLATE=utf8mb4_general_ci;

--
-- Volcado de datos para la tabla `subcategorias`
--

INSERT INTO `subcategorias` (`id`, `codCategoria`, `descripcion`, `visible`) VALUES
(1, 1, 'ARROZ', '1'),
(2, 1, 'FIDEOS', '1'),
(3, 1, 'HARINA', '1'),
(4, 1, 'LEGUMBRE', '1'),
(5, 1, 'YERBA', '1'),
(6, 1, 'HUEVOS', '1'),
(7, 1, 'ACEITES', '1'),
(8, 2, 'TERMOS', '1'),
(9, 2, 'CUBIERTOS', '1'),
(10, 2, 'SARTENES', '1'),
(11, 2, 'ALUMINIO', '1'),
(12, 2, 'PLASTICOS', '1'),
(13, 2, 'COPAS Y VASOS', '1'),
(14, 2, 'OLLAS Y PAVAS', '1'),
(15, 2, 'TAZAS Y PLATOS', '1'),
(17, 2, 'NAVIDEÑOS', '1'),
(18, 3, 'CARNE DE AVE', '1'),
(19, 3, 'CARNE PORCINA', '1'),
(20, 3, 'CARNE VACUNA', '1'),
(21, 3, 'PERCADERIA', '1'),
(22, 4, 'CONFITERIA', '1'),
(23, 5, 'FRUTAS', '1'),
(24, 5, 'VERDURAS', '1'),
(25, 6, 'BEBIDA LACTEA', '1'),
(26, 6, 'CREMA DE LECHE', '1'),
(27, 6, 'LECHE ALTERNATIVA', '1'),
(28, 6, 'LECHE CONDENSADA', '1'),
(29, 6, 'LECHE SABORIZADA', '1'),
(30, 6, 'LECHES NATURALES', '1'),
(31, 6, 'POSTRES', '1'),
(32, 6, 'YOGURT', '1'),
(33, 7, 'PRODUCCION PROPIA', '1'),
(34, 7, 'PANIFICADOS TERCEROS', '1'),
(35, 8, 'ROTISERIA TERCERO', '1'),
(36, 8, 'ROTISERIA PROPIA', '1'),
(37, 9, 'PASTAS FRESCAS', '1'),
(38, 10, 'COTILLON', '1'),
(39, 11, 'PROMOCIONES', '1'),
(40, 12, 'BARNER', '1');

-- --------------------------------------------------------

--
-- Estructura de tabla para la tabla `usuarios`
--

CREATE TABLE `usuarios` (
  `id` bigint(20) NOT NULL,
  `nombre` varchar(100) DEFAULT NULL,
  `email` varchar(150) DEFAULT NULL,
  `celular` varchar(15) DEFAULT NULL,
  `ruc_ci` varchar(17) DEFAULT NULL,
  `password` varchar(255) DEFAULT NULL,
  `direccion` varchar(255) DEFAULT NULL,
  `tipo` varchar(10) DEFAULT NULL,
  `logo` varchar(255) DEFAULT NULL,
  `fecha_creacion` datetime DEFAULT NULL,
  `fecha_modificacion` datetime DEFAULT NULL
) ENGINE=InnoDB DEFAULT CHARSET=utf8mb4 COLLATE=utf8mb4_general_ci;

--
-- Volcado de datos para la tabla `usuarios`
--

INSERT INTO `usuarios` (`id`, `nombre`, `email`, `celular`, `ruc_ci`, `password`, `direccion`, `tipo`, `logo`, `fecha_creacion`, `fecha_modificacion`) VALUES
(1, 'Pedro Acuña', 'pedro@example.com', '0984555256', '6958472', '$2b$10$mZLj5lsT33IdgLHB9i7Y0eSHFm3tU03q8wBAnswckj5Pxq7Vq.a1m', 'Av. Principal 123', 'admin', 'images/usuariosLogos/default.png', '2025-06-25 21:10:00', '2025-07-28 15:30:43'),
(2, 'Carlos User', 'carlos@example.com', '0984555256', '4921786', '$2b$10$mZLj5lsT33IdgLHB9i7Y0eSHFm3tU03q8wBAnswckj5Pxq7Vq.a1m', 'Av. Principal 123', 'admin', '/images/usuariosLogos/logo_4921786.png', '2025-06-25 21:11:00', '2025-07-29 01:44:56');

--
-- Índices para tablas volcadas
--

--
-- Indices de la tabla `categorias`
--
ALTER TABLE `categorias`
  ADD PRIMARY KEY (`id`);

--
-- Indices de la tabla `clientes`
--
ALTER TABLE `clientes`
  ADD PRIMARY KEY (`ruc_ci`),
  ADD UNIQUE KEY `email_uq` (`email`);

--
-- Indices de la tabla `precio_cab`
--
ALTER TABLE `precio_cab`
  ADD PRIMARY KEY (`id`);

--
-- Indices de la tabla `precio_det`
--
ALTER TABLE `precio_det`
  ADD PRIMARY KEY (`id`);

--
-- Indices de la tabla `productos`
--
ALTER TABLE `productos`
  ADD PRIMARY KEY (`id`);

--
-- Indices de la tabla `subcategorias`
--
ALTER TABLE `subcategorias`
  ADD PRIMARY KEY (`id`);

--
-- Indices de la tabla `usuarios`
--
ALTER TABLE `usuarios`
  ADD PRIMARY KEY (`id`),
  ADD UNIQUE KEY `ruc_ci` (`ruc_ci`);

--
-- AUTO_INCREMENT de las tablas volcadas
--

--
-- AUTO_INCREMENT de la tabla `categorias`
--
ALTER TABLE `categorias`
  MODIFY `id` int(11) NOT NULL AUTO_INCREMENT, AUTO_INCREMENT=13;

--
-- AUTO_INCREMENT de la tabla `precio_cab`
--
ALTER TABLE `precio_cab`
  MODIFY `id` int(11) NOT NULL AUTO_INCREMENT, AUTO_INCREMENT=2;

--
-- AUTO_INCREMENT de la tabla `precio_det`
--
ALTER TABLE `precio_det`
  MODIFY `id` int(11) NOT NULL AUTO_INCREMENT, AUTO_INCREMENT=537;

--
-- AUTO_INCREMENT de la tabla `productos`
--
ALTER TABLE `productos`
  MODIFY `id` int(11) NOT NULL AUTO_INCREMENT, AUTO_INCREMENT=548;

--
-- AUTO_INCREMENT de la tabla `subcategorias`
--
ALTER TABLE `subcategorias`
  MODIFY `id` int(11) NOT NULL AUTO_INCREMENT, AUTO_INCREMENT=41;

--
-- AUTO_INCREMENT de la tabla `usuarios`
--
ALTER TABLE `usuarios`
  MODIFY `id` bigint(20) NOT NULL AUTO_INCREMENT, AUTO_INCREMENT=3;
COMMIT;

/*!40101 SET CHARACTER_SET_CLIENT=@OLD_CHARACTER_SET_CLIENT */;
/*!40101 SET CHARACTER_SET_RESULTS=@OLD_CHARACTER_SET_RESULTS */;
/*!40101 SET COLLATION_CONNECTION=@OLD_COLLATION_CONNECTION */;
